600 600
43 0
45 0
81 0
82 0
319 0
385 0
399 0
424 0
426 0
451 0
454 0
461 0
489 0
529 0
531 0
533 0
44 1
81 1
82 1
189 1
190 1
213 1
214 1
271 1
272 1
273 1
319 1
387 1
425 1
452 1
453 1
495 1
496 1
528 1
529 1
530 1
532 1
533 1
534 1
188 2
191 2
213 2
214 2
243 2
244 2
319 2
341 2
342 2
347 2
348 2
385 2
386 2
403 2
404 2
487 2
488 2
495 2
496 2
529 2
531 2
533 2
537 2
88 3
89 3
93 3
94 3
95 3
188 3
190 3
243 3
244 3
269 3
275 3
341 3
342 3
347 3
348 3
385 3
386 3
387 3
402 3
405 3
488 3
495 3
496 3
530 3
531 3
532 3
536 3
538 3
583 3
584 3
47 4
88 4
89 4
138 4
139 4
140 4
189 4
269 4
275 4
321 4
322 4
323 4
390 4
391 4
392 4
403 4
404 4
485 4
487 4
531 4
537 4
538 4
540 4
583 4
584 4
588 4
589 4
47 5
137 5
269 5
275 5
292 5
301 5
302 5
375 5
376 5
385 5
386 5
389 5
392 5
393 5
397 5
486 5
507 5
538 5
539 5
540 5
587 5
47 6
104 6
105 6
137 6
140 6
141 6
291 6
293 6
301 6
302 6
374 6
380 6
385 6
388 6
391 6
393 6
394 6
395 6
396 6
397 6
398 6
506 6
507 6
508 6
509 6
512 6
539 6
590 6
596 6
30 7
31 7
104 7
105 7
139 7
141 7
271 7
272 7
273 7
291 7
293 7
375 7
379 7
381 7
389 7
392 7
393 7
396 7
398 7
399 7
477 7
478 7
480 7
481 7
482 7
505 7
506 7
507 7
508 7
509 7
513 7
588 7
589 7
595 7
597 7
30 8
31 8
133 8
134 8
139 8
254 8
255 8
292 8
373 8
378 8
379 8
380 8
381 8
390 8
391 8
392 8
399 8
400 8
430 8
477 8
478 8
479 8
484 8
485 8
488 8
489 8
504 8
508 8
513 8
595 8
597 8
129 9
130 9
132 9
140 9
155 9
156 9
253 9
256 9
372 9
373 9
374 9
375 9
379 9
399 9
400 9
401 9
429 9
431 9
476 9
481 9
483 9
484 9
485 9
487 9
488 9
489 9
505 9
506 9
513 9
596 9
53 10
128 10
129 10
130 10
133 10
139 10
140 10
241 10
242 10
254 10
255 10
280 10
281 10
372 10
373 10
374 10
375 10
386 10
387 10
399 10
400 10
429 10
431 10
478 10
479 10
481 10
486 10
506 10
512 10
554 10
0 11
1 11
43 11
44 11
45 11
53 11
129 11
130 11
133 11
135 11
136 11
139 11
143 11
181 11
182 11
240 11
243 11
280 11
281 11
374 11
375 11
377 11
386 11
387 11
395 11
396 11
398 11
399 11
430 11
474 11
478 11
483 11
484 11
485 11
496 11
553 11
555 11
572 11
573 11
591 11
592 11
2 12
53 12
124 12
125 12
130 12
131 12
132 12
133 12
140 12
143 12
153 12
157 12
158 12
159 12
180 12
183 12
241 12
242 12
373 12
374 12
375 12
376 12
381 12
396 12
397 12
398 12
474 12
476 12
480 12
481 12
482 12
484 12
485 12
495 12
497 12
506 12
507 12
553 12
554 12
572 12
573 12
590 12
593 12
599 12
0 13
1 13
123 13
126 13
131 13
132 13
133 13
134 13
135 13
140 13
141 13
151 13
152 13
153 13
154 13
158 13
181 13
182 13
210 13
211 13
261 13
336 13
337 13
372 13
374 13
375 13
380 13
382 13
389 13
397 13
495 13
497 13
507 13
591 13
592 13
70 14
71 14
72 14
124 14
125 14
132 14
133 14
134 14
151 14
152 14
153 14
169 14
170 14
210 14
211 14
261 14
336 14
338 14
372 14
373 14
379 14
383 14
388 14
390 14
464 14
496 14
561 14
562 14
150 15
151 15
153 15
155 15
158 15
169 15
170 15
177 15
261 15
337 15
338 15
369 15
372 15
379 15
382 15
389 15
390 15
463 15
465 15
561 15
562 15
595 15
148 16
151 16
156 16
176 16
178 16
370 16
371 16
462 16
463 16
465 16
466 16
595 16
6 17
57 17
107 17
108 17
154 17
162 17
163 17
176 17
178 17
257 17
258 17
259 17
263 17
264 17
265 17
464 17
595 17
5 18
7 18
57 18
58 18
107 18
108 18
147 18
162 18
163 18
177 18
200 18
201 18
202 18
229 18
230 18
246 18
247 18
348 18
504 18
505 18
590 18
591 18
6 19
8 19
56 19
57 19
58 19
59 19
70 19
71 19
147 19
152 19
153 19
154 19
228 19
231 19
245 19
248 19
261 19
348 19
504 19
505 19
590 19
591 19
7 20
55 20
60 20
70 20
72 20
149 20
150 20
153 20
154 20
198 20
204 20
229 20
230 20
246 20
247 20
261 20
273 20
274 20
348 20
364 20
365 20
366 20
445 20
446 20
497 20
498 20
509 20
510 20
511 20
595 20
596 20
55 21
56 21
60 21
61 21
71 21
147 21
150 21
179 21
180 21
198 21
204 21
261 21
272 21
275 21
310 21
311 21
396 21
397 21
445 21
446 21
497 21
498 21
553 21
554 21
595 21
596 21
56 22
60 22
61 22
116 22
117 22
118 22
148 22
149 22
179 22
180 22
198 22
204 22
273 22
274 22
310 22
311 22
341 22
396 22
397 22
459 22
460 22
464 22
465 22
552 22
555 22
235 23
340 23
342 23
374 23
375 23
376 23
459 23
460 23
463 23
464 23
465 23
552 23
555 23
151 24
152 24
166 24
200 24
201 24
202 24
234 24
236 24
339 24
342 24
464 24
465 24
520 24
553 24
554 24
149 25
150 25
152 25
153 25
166 25
167 25
168 25
170 25
171 25
234 25
236 25
340 25
341 25
378 25
379 25
472 25
473 25
520 25
51 26
55 26
67 26
119 26
120 26
149 26
150 26
152 26
169 26
170 26
171 26
235 26
356 26
357 26
370 26
378 26
379 26
394 26
395 26
421 26
422 26
423 26
472 26
473 26
520 26
566 26
567 26
51 27
52 27
53 27
54 27
66 27
68 27
118 27
121 27
124 27
125 27
126 27
150 27
152 27
153 27
168 27
169 27
170 27
171 27
173 27
174 27
190 27
191 27
241 27
242 27
243 27
356 27
357 27
369 27
371 27
378 27
379 27
394 27
395 27
566 27
567 27
51 28
53 28
58 28
59 28
60 28
66 28
68 28
119 28
121 28
152 28
153 28
154 28
166 28
167 28
168 28
169 28
170 28
171 28
172 28
173 28
189 28
192 28
337 28
368 28
371 28
387 28
399 28
419 28
425 28
431 28
432 28
468 28
481 28
482 28
49 29
51 29
52 29
67 29
120 29
152 29
153 29
167 29
170 29
172 29
175 29
176 29
189 29
191 29
239 29
253 29
336 29
338 29
369 29
371 29
386 29
388 29
398 29
400 29
419 29
425 29
431 29
432 29
468 29
481 29
482 29
584 29
585 29
586 29
49 30
52 30
57 30
60 30
151 30
152 30
166 30
170 30
171 30
190 30
239 30
252 30
254 30
336 30
339 30
370 30
385 30
388 30
398 30
400 30
419 30
425 30
456 30
457 30
458 30
468 30
487 30
488 30
514 30
515 30
516 30
534 30
535 30
56 31
57 31
150 31
151 31
167 31
168 31
169 31
172 31
173 31
239 31
252 31
255 31
262 31
263 31
337 31
338 31
386 31
387 31
399 31
487 31
488 31
534 31
535 31
5 32
54 32
55 32
56 32
60 32
99 32
100 32
150 32
151 32
253 32
254 32
261 32
264 32
286 32
287 32
421 32
422 32
423 32
462 32
463 32
466 32
467 32
495 32
496 32
4 33
6 33
54 33
55 33
57 33
61 33
99 33
100 33
162 33
163 33
196 33
262 33
263 33
286 33
287 33
348 33
349 33
350 33
461 33
462 33
463 33
466 33
467 33
495 33
496 33
4 34
6 34
60 34
161 34
196 34
279 34
280 34
281 34
461 34
463 34
466 34
467 34
540 34
541 34
5 35
56 35
57 35
59 35
160 35
164 35
196 35
225 35
226 35
540 35
542 35
49 36
50 36
56 36
58 36
164 36
224 36
227 36
231 36
462 36
463 36
541 36
0 37
1 37
9 37
10 37
48 37
49 37
50 37
51 37
59 37
163 37
224 37
227 37
230 37
232 37
408 37
409 37
459 37
460 37
461 37
462 37
463 37
495 37
504 37
505 37
506 37
535 37
536 37
564 37
585 37
586 37
2 38
8 38
11 38
44 38
45 38
47 38
48 38
53 38
56 38
57 38
59 38
60 38
160 38
163 38
225 38
226 38
230 38
232 38
407 38
410 38
458 38
464 38
495 38
534 38
537 38
546 38
547 38
563 38
565 38
585 38
586 38
599 38
0 39
1 39
9 39
10 39
44 39
45 39
46 39
52 39
53 39
57 39
59 39
60 39
161 39
162 39
231 39
237 39
238 39
239 39
366 39
367 39
408 39
409 39
458 39
463 39
495 39
514 39
515 39
535 39
536 39
545 39
548 39
564 39
565 39
24 40
42 40
43 40
46 40
58 40
91 40
100 40
101 40
102 40
318 40
319 40
353 40
365 40
368 40
442 40
443 40
444 40
459 40
460 40
462 40
485 40
486 40
516 40
546 40
548 40
5 41
23 41
25 41
42 41
46 41
91 41
98 41
103 41
155 41
156 41
318 41
319 41
352 41
354 41
366 41
367 41
464 41
465 41
466 41
471 41
472 41
484 41
487 41
491 41
492 41
493 41
497 41
498 41
499 41
515 41
516 41
547 41
4 42
6 42
24 42
25 42
42 42
46 42
91 42
102 42
103 42
135 42
155 42
156 42
352 42
354 42
440 42
446 42
462 42
465 42
466 42
468 42
472 42
485 42
486 42
515 42
574 42
575 42
4 43
6 43
43 43
44 43
48 43
97 43
101 43
135 43
189 43
190 43
289 43
290 43
353 43
440 43
446 43
461 43
466 43
470 43
471 43
495 43
515 43
516 43
524 43
533 43
534 43
574 43
575 43
5 44
16 44
45 44
46 44
47 44
48 44
98 44
100 44
135 44
189 44
190 44
207 44
208 44
289 44
290 44
440 44
446 44
461 44
495 44
513 44
514 44
516 44
524 44
525 44
532 44
535 44
15 45
17 45
46 45
55 45
56 45
98 45
99 45
185 45
206 45
209 45
282 45
283 45
495 45
514 45
515 45
523 45
525 45
526 45
533 45
534 45
15 46
17 46
54 46
57 46
108 46
109 46
185 46
207 46
208 46
282 46
283 46
392 46
393 46
442 46
443 46
444 46
462 46
465 46
475 46
511 46
512 46
516 46
523 46
525 46
572 46
16 47
54 47
57 47
96 47
97 47
98 47
101 47
102 47
106 47
107 47
110 47
185 47
392 47
393 47
474 47
476 47
511 47
515 47
516 47
523 47
524 47
571 47
573 47
55 48
56 48
92 48
93 48
99 48
103 48
106 48
107 48
109 48
110 48
374 48
474 48
476 48
512 48
513 48
514 48
515 48
528 48
529 48
571 48
574 48
592 48
92 49
93 49
103 49
104 49
107 49
108 49
109 49
114 49
150 49
151 49
181 49
182 49
183 49
187 49
188 49
189 49
373 49
375 49
395 49
396 49
397 49
451 49
452 49
464 49
465 49
475 49
528 49
529 49
572 49
573 49
592 49
113 50
115 50
149 50
152 50
240 50
241 50
373 50
374 50
451 50
452 50
464 50
465 50
592 50
100 51
102 51
114 51
150 51
151 51
185 51
239 51
242 51
489 51
12 52
13 52
40 52
41 52
101 52
185 52
211 52
212 52
213 52
240 52
241 52
314 52
409 52
410 52
488 52
490 52
509 52
510 52
12 53
13 53
40 53
41 53
54 53
55 53
101 53
110 53
185 53
252 53
253 53
261 53
262 53
314 53
385 53
386 53
408 53
411 53
468 53
469 53
488 53
490 53
502 53
503 53
509 53
510 53
586 53
587 53
54 54
55 54
68 54
107 54
108 54
109 54
111 54
112 54
252 54
254 54
261 54
262 54
314 54
331 54
352 54
385 54
386 54
409 54
410 54
468 54
469 54
489 54
502 54
503 54
586 54
587 54
67 55
69 55
120 55
128 55
129 55
253 55
331 55
341 55
342 55
343 55
351 55
353 55
358 55
67 56
69 56
107 56
108 56
109 56
119 56
121 56
128 56
129 56
284 56
331 56
351 56
353 56
357 56
359 56
68 57
119 57
121 57
191 57
192 57
283 57
285 57
290 57
291 57
292 57
352 57
357 57
359 57
385 57
386 57
405 57
406 57
541 57
542 57
55 58
56 58
120 58
152 58
153 58
191 58
192 58
219 58
220 58
283 58
285 58
299 58
338 58
339 58
358 58
385 58
386 58
405 58
406 58
541 58
542 58
566 58
567 58
54 59
57 59
63 59
64 59
72 59
73 59
152 59
153 59
175 59
176 59
177 59
218 59
221 59
243 59
244 59
245 59
284 59
298 59
300 59
316 59
317 59
318 59
338 59
339 59
389 59
390 59
391 59
509 59
510 59
566 59
567 59
49 60
50 60
55 60
57 60
62 60
65 60
71 60
74 60
160 60
161 60
195 60
196 60
209 60
210 60
219 60
220 60
298 60
300 60
353 60
354 60
362 60
363 60
422 60
423 60
448 60
449 60
450 60
454 60
455 60
456 60
509 60
510 60
523 60
524 60
49 61
50 61
56 61
63 61
64 61
72 61
73 61
95 61
96 61
160 61
161 61
195 61
196 61
209 61
210 61
279 61
280 61
299 61
352 61
355 61
361 61
364 61
423 61
523 61
524 61
94 62
97 62
229 62
230 62
231 62
266 62
267 62
278 62
281 62
284 62
285 62
353 62
354 62
362 62
363 62
420 62
445 62
452 62
4 63
68 63
95 63
96 63
128 63
129 63
219 63
239 63
240 63
266 63
268 63
279 63
280 63
284 63
285 63
420 63
421 63
435 63
436 63
444 63
446 63
452 63
481 63
482 63
483 63
4 64
67 64
69 64
112 64
113 64
128 64
129 64
218 64
220 64
239 64
240 64
267 64
268 64
340 64
341 64
358 64
435 64
436 64
444 64
446 64
452 64
515 64
516 64
547 64
585 64
4 65
67 65
69 65
112 65
113 65
160 65
161 65
218 65
220 65
340 65
341 65
357 65
359 65
373 65
374 65
445 65
514 65
517 65
546 65
547 65
585 65
68 66
75 66
84 66
160 66
161 66
219 66
305 66
306 66
327 66
328 66
357 66
359 66
373 66
374 66
515 66
517 66
544 66
545 66
548 66
585 66
0 67
1 67
2 67
33 67
34 67
74 67
76 67
83 67
85 67
275 67
276 67
304 67
307 67
312 67
327 67
328 67
358 67
516 67
526 67
544 67
545 67
32 68
35 68
42 68
74 68
77 68
83 68
85 68
114 68
115 68
239 68
275 68
276 68
305 68
306 68
311 68
313 68
526 68
544 68
545 68
546 68
33 69
34 69
42 69
75 69
76 69
84 69
114 69
115 69
239 69
287 69
288 69
289 69
310 69
312 69
526 69
538 69
539 69
585 69
586 69
42 70
239 70
310 70
311 70
369 70
370 70
371 70
538 70
585 70
586 70
119 71
120 71
191 71
192 71
193 71
222 71
223 71
370 71
371 71
372 71
426 71
522 71
523 71
524 71
528 71
529 71
530 71
539 71
542 71
545 71
546 71
547 71
548 71
550 71
576 71
577 71
35 72
89 72
90 72
98 72
118 72
121 72
222 72
223 72
315 72
316 72
425 72
427 72
542 72
547 72
548 72
549 72
550 72
576 72
577 72
35 73
89 73
91 73
119 73
120 73
139 73
140 73
141 73
189 73
197 73
315 73
316 73
385 73
386 73
413 73
425 73
428 73
526 73
542 73
550 73
35 74
90 74
95 74
189 74
196 74
198 74
261 74
262 74
385 74
386 74
412 74
414 74
426 74
427 74
526 74
536 74
537 74
544 74
548 74
549 74
94 75
95 75
116 75
117 75
189 75
196 75
197 75
223 75
224 75
261 75
262 75
380 75
381 75
412 75
414 75
498 75
499 75
526 75
536 75
537 75
546 75
548 75
554 75
12 76
13 76
94 76
95 76
116 76
117 76
223 76
224 76
380 76
381 76
413 76
497 76
499 76
547 76
553 76
556 76
12 77
13 77
93 77
94 77
99 77
100 77
182 77
183 77
191 77
192 77
193 77
472 77
473 77
498 77
557 77
583 77
584 77
585 77
18 78
19 78
20 78
101 78
105 78
106 78
182 78
183 78
441 78
442 78
472 78
473 78
553 78
554 78
557 78
92 79
98 79
101 79
105 79
106 79
116 79
117 79
331 79
332 79
423 79
424 79
440 79
443 79
522 79
553 79
555 79
556 79
557 79
90 80
91 80
92 80
100 80
101 80
116 80
117 80
123 80
125 80
331 80
332 80
352 80
422 80
425 80
441 80
442 80
521 80
523 80
532 80
551 80
552 80
13 81
88 81
90 81
92 81
94 81
122 81
125 81
297 81
298 81
299 81
352 81
398 81
399 81
400 81
423 81
424 81
510 81
511 81
521 81
523 81
532 81
551 81
553 81
563 81
564 81
570 81
571 81
13 82
88 82
123 82
157 82
158 82
352 82
432 82
433 82
434 82
446 82
510 82
511 82
522 82
532 82
551 82
557 82
558 82
563 82
564 82
570 82
572 82
13 83
88 83
123 83
124 83
157 83
158 83
396 83
445 83
447 83
555 83
556 83
557 83
570 83
571 83
120 84
121 84
396 84
445 84
447 84
526 84
527 84
551 84
557 84
558 84
569 84
78 85
100 85
101 85
120 85
250 85
251 85
252 85
306 85
396 85
446 85
525 85
528 85
545 85
550 85
551 85
553 85
566 85
568 85
569 85
570 85
77 86
79 86
99 86
102 86
106 86
107 86
119 86
169 86
170 86
178 86
306 86
493 86
494 86
495 86
526 86
527 86
544 86
546 86
547 86
548 86
549 86
568 86
575 86
27 87
28 87
77 87
79 87
100 87
101 87
105 87
108 87
118 87
119 87
120 87
168 87
171 87
177 87
179 87
248 87
254 87
306 87
311 87
398 87
399 87
400 87
412 87
413 87
478 87
479 87
544 87
548 87
569 87
570 87
571 87
572 87
574 87
576 87
577 87
26 88
29 88
78 88
106 88
107 88
118 88
119 88
120 88
123 88
124 88
168 88
170 88
177 88
178 88
248 88
254 88
310 88
312 88
412 88
413 88
474 88
475 88
478 88
479 88
522 88
544 88
546 88
547 88
548 88
549 88
550 88
565 88
567 88
568 88
572 88
577 88
27 89
28 89
118 89
119 89
124 89
169 89
248 89
254 89
311 89
474 89
475 89
521 89
523 89
543 89
544 89
574 89
575 89
576 89
577 89
73 90
74 90
82 90
83 90
120 90
122 90
124 90
125 90
191 90
243 90
244 90
245 90
264 90
521 90
523 90
543 90
544 90
571 90
574 90
575 90
588 90
589 90
72 91
75 91
81 91
84 91
124 91
190 91
192 91
250 91
251 91
252 91
263 91
265 91
412 91
472 91
478 91
522 91
571 91
572 91
588 91
589 91
61 92
73 92
74 92
82 92
83 92
121 92
122 92
123 92
191 92
241 92
247 92
263 92
265 92
411 92
413 92
472 92
478 92
516 92
517 92
41 93
42 93
61 93
122 93
123 93
127 93
128 93
145 93
241 93
247 93
264 93
326 93
411 93
413 93
472 93
478 93
516 93
517 93
551 93
555 93
564 93
565 93
40 94
42 94
61 94
78 94
127 94
128 94
144 94
146 94
181 94
241 94
247 94
325 94
327 94
357 94
358 94
412 94
550 94
551 94
555 94
556 94
564 94
565 94
40 95
41 95
77 95
79 95
143 95
146 95
180 95
182 95
326 95
356 95
359 95
474 95
475 95
476 95
549 95
550 95
551 95
557 95
77 96
79 96
121 96
122 96
144 96
145 96
180 96
182 96
243 96
244 96
245 96
356 96
359 96
549 96
550 96
551 96
555 96
556 96
78 97
121 97
122 97
181 97
211 97
212 97
357 97
358 97
469 97
470 97
549 97
550 97
552 97
553 97
554 97
555 97
98 98
211 98
212 98
228 98
229 98
468 98
471 98
550 98
551 98
552 98
553 98
554 98
98 99
128 99
129 99
150 99
151 99
228 99
229 99
236 99
237 99
247 99
248 99
457 99
458 99
468 99
470 99
530 99
551 99
554 99
98 100
127 100
130 100
150 100
151 100
235 100
238 100
246 100
249 100
260 100
261 100
262 100
263 100
457 100
458 100
469 100
478 100
531 100
552 100
554 100
555 100
45 101
74 101
75 101
110 101
111 101
127 101
130 101
180 101
181 101
236 101
237 101
247 101
248 101
260 101
261 101
264 101
285 101
286 101
478 101
489 101
490 101
526 101
527 101
532 101
551 101
552 101
554 101
45 102
74 102
75 102
100 102
101 102
110 102
111 102
128 102
129 102
157 102
158 102
159 102
180 102
181 102
258 102
259 102
285 102
286 102
314 102
478 102
488 102
491 102
507 102
508 102
526 102
532 102
539 102
540 102
552 102
553 102
45 103
90 103
91 103
99 103
102 103
228 103
229 103
258 103
259 103
261 103
264 103
313 103
315 103
372 103
373 103
414 103
415 103
488 103
491 103
507 103
508 103
526 103
527 103
528 103
532 103
533 103
538 103
565 103
566 103
89 104
92 104
100 104
101 104
228 104
229 104
258 104
259 104
263 104
313 104
315 104
343 104
344 104
371 104
374 104
414 104
415 104
428 104
429 104
430 104
444 104
489 104
490 104
494 104
495 104
529 104
530 104
533 104
534 104
565 104
566 104
31 105
32 105
90 105
91 105
130 105
224 105
225 105
233 105
234 105
260 105
261 105
291 105
292 105
309 105
314 105
342 105
344 105
372 105
373 105
444 105
494 105
495 105
530 105
531 105
534 105
538 105
539 105
544 105
545 105
31 106
32 106
129 106
131 106
223 106
226 106
232 106
235 106
292 106
293 106
309 106
343 106
444 106
532 106
533 106
545 106
546 106
550 106
572 106
573 106
574 106
578 106
579 106
130 107
224 107
225 107
233 107
234 107
291 107
309 107
521 107
541 107
542 107
543 107
544 107
546 107
549 107
551 107
577 107
579 107
589 107
364 108
365 108
366 108
421 108
520 108
522 108
541 108
542 108
544 108
546 108
550 108
551 108
578 108
588 108
589 108
169 109
209 109
229 109
407 109
408 109
420 109
422 109
520 109
522 109
544 109
546 109
547 109
592 109
150 110
151 110
152 110
157 110
158 110
168 110
170 110
209 110
228 110
230 110
242 110
243 110
244 110
253 110
297 110
298 110
368 110
395 110
396 110
407 110
408 110
420 110
423 110
442 110
443 110
521 110
572 110
573 110
574 110
592 110
157 111
158 111
168 111
170 111
209 111
228 111
230 111
241 111
245 111
252 111
254 111
259 111
260 111
296 111
299 111
368 111
394 111
397 111
421 111
422 111
429 111
430 111
442 111
443 111
453 111
454 111
578 111
592 111
136 112
137 112
169 112
221 112
222 112
223 112
229 112
240 112
245 112
252 112
254 112
259 112
260 112
297 112
298 112
360 112
368 112
395 112
396 112
429 112
430 112
453 112
454 112
514 112
515 112
577 112
579 112
135 113
138 113
239 113
243 113
244 113
253 113
359 113
361 113
502 113
503 113
513 113
516 113
577 113
579 113
136 114
137 114
217 114
218 114
219 114
239 114
241 114
359 114
362 114
502 114
503 114
514 114
515 114
578 114
219 115
240 115
311 115
312 115
360 115
361 115
382 115
383 115
454 115
455 115
11 116
99 116
100 116
218 116
247 116
248 116
249 116
310 116
313 116
382 116
383 116
454 116
455 116
529 116
11 117
55 117
56 117
86 117
99 117
100 117
246 117
249 117
261 117
262 117
311 117
312 117
332 117
333 117
388 117
389 117
390 117
518 117
528 117
530 117
11 118
55 118
56 118
85 118
87 118
246 118
248 118
249 118
259 118
260 118
262 118
280 118
281 118
332 118
333 118
443 118
444 118
518 118
528 118
530 118
565 118
566 118
80 119
81 119
85 119
87 119
115 119
116 119
248 119
263 119
279 119
281 119
386 119
392 119
410 119
411 119
443 119
444 119
508 119
509 119
518 119
529 119
565 119
566 119
80 120
81 120
86 120
115 120
116 120
260 120
261 120
263 120
279 120
284 120
386 120
392 120
409 120
412 120
423 120
424 120
425 120
433 120
434 120
435 120
508 120
509 120
29 121
261 121
262 121
269 121
279 121
282 121
284 121
357 121
358 121
386 121
392 121
410 121
411 121
439 121
440 121
441 121
574 121
575 121
29 122
112 122
113 122
127 122
128 122
255 122
259 122
260 122
262 122
263 122
268 122
270 122
279 122
280 122
282 122
284 122
285 122
357 122
358 122
421 122
427 122
573 122
576 122
29 123
81 123
82 123
112 123
113 123
127 123
128 123
255 123
259 123
262 123
268 123
270 123
280 123
281 123
285 123
388 123
389 123
390 123
421 123
427 123
437 123
443 123
574 123
575 123
80 124
83 124
269 124
354 124
355 124
421 124
427 124
437 124
443 124
41 125
42 125
81 125
82 125
256 125
259 125
262 125
306 125
307 125
354 125
355 125
437 125
443 125
41 126
42 126
49 126
260 126
261 126
273 126
274 126
305 126
308 126
319 126
320 126
321 126
423 126
424 126
425 126
48 127
50 127
98 127
99 127
173 127
246 127
247 127
272 127
275 127
306 127
307 127
439 127
440 127
441 127
460 127
48 128
50 128
97 128
100 128
172 128
174 128
244 128
245 128
248 128
255 128
256 128
257 128
258 128
259 128
273 128
274 128
345 128
346 128
445 128
446 128
460 128
16 129
49 129
57 129
58 129
59 129
69 129
70 129
97 129
99 129
172 129
173 129
244 129
247 129
248 129
249 129
254 129
260 129
302 129
303 129
304 129
322 129
345 129
346 129
445 129
446 129
460 129
16 130
69 130
70 130
92 130
93 130
94 130
98 130
147 130
148 130
149 130
244 130
249 130
253 130
254 130
256 130
257 130
260 130
261 130
269 130
280 130
281 130
282 130
322 130
511 130
518 130
519 130
16 131
55 131
61 131
245 131
246 131
247 131
248 131
249 131
254 131
255 131
256 131
259 131
268 131
270 131
280 131
283 131
284 131
322 131
384 131
385 131
511 131
517 131
520 131
19 132
20 132
21 132
55 132
61 132
145 132
151 132
242 132
247 132
248 132
254 132
255 132
268 132
270 132
281 132
282 132
283 132
384 132
385 132
511 132
518 132
519 132
55 133
61 133
145 133
151 133
241 133
243 133
269 133
282 133
536 133
581 133
58 134
79 134
80 134
145 134
151 134
241 134
243 134
286 134
470 134
471 134
472 134
476 134
477 134
536 134
569 134
570 134
580 134
582 134
38 135
39 135
57 135
58 135
79 135
80 135
84 135
85 135
121 135
128 135
242 135
285 135
287 135
476 135
478 135
536 135
569 135
570 135
581 135
25 136
26 136
38 136
39 136
57 136
60 136
66 136
84 136
85 136
121 136
128 136
147 136
148 136
149 136
285 136
286 136
287 136
288 136
289 136
477 136
25 137
26 137
58 137
59 137
60 137
65 137
66 137
121 137
128 137
246 137
247 137
248 137
287 137
288 137
290 137
308 137
60 138
64 138
67 138
78 138
79 138
288 138
289 138
307 138
309 138
10 139
11 139
63 139
64 139
65 139
67 139
68 139
78 139
79 139
117 139
118 139
119 139
288 139
290 139
294 139
295 139
308 139
367 139
368 139
9 140
12 140
63 140
69 140
139 140
140 140
162 140
163 140
254 140
255 140
256 140
289 140
290 140
293 140
296 140
367 140
368 140
9 141
11 141
66 141
68 141
121 141
128 141
139 141
140 141
162 141
163 141
289 141
290 141
294 141
295 141
568 141
10 142
67 142
121 142
128 142
387 142
388 142
481 142
482 142
519 142
520 142
567 142
569 142
121 143
128 143
220 143
221 143
278 143
279 143
335 143
387 143
388 143
463 143
464 143
474 143
480 143
482 143
518 143
520 143
568 143
220 144
221 144
251 144
252 144
277 144
280 144
335 144
462 144
465 144
473 144
475 144
481 144
520 144
23 145
24 145
143 145
144 145
176 145
177 145
251 145
252 145
277 145
279 145
283 145
335 145
432 145
433 145
434 145
449 145
450 145
451 145
454 145
455 145
463 145
464 145
473 145
475 145
23 146
24 146
143 146
144 146
175 146
178 146
278 146
282 146
284 146
394 146
454 146
455 146
474 146
508 146
509 146
76 147
77 147
176 147
177 147
196 147
211 147
281 147
284 147
363 147
364 147
393 147
394 147
395 147
508 147
509 147
76 148
77 148
195 148
197 148
211 148
282 148
283 148
331 148
332 148
362 148
365 148
374 148
393 148
395 148
436 148
57 149
58 149
59 149
195 149
197 149
211 149
259 149
260 149
331 149
332 149
362 149
364 149
373 149
375 149
393 149
395 149
435 149
437 149
533 149
534 149
574 149
70 150
71 150
72 150
163 150
164 150
196 150
259 150
260 150
363 150
373 150
376 150
391 150
392 150
394 150
395 150
435 150
437 150
533 150
534 150
573 150
575 150
55 151
61 151
69 151
73 151
163 151
164 151
367 151
374 151
375 151
393 151
394 151
396 151
436 151
524 151
573 151
575 151
33 152
34 152
55 152
61 152
68 152
74 152
351 152
352 152
366 152
368 152
393 152
394 152
395 152
397 152
420 152
480 152
481 152
482 152
523 152
525 152
574 152
33 153
34 153
55 153
61 153
68 153
74 153
212 153
215 153
255 153
256 153
351 153
352 153
367 153
392 153
393 153
394 153
395 153
397 153
398 153
420 153
431 153
432 153
467 153
468 153
488 153
489 153
524 153
539 153
540 153
25 154
26 154
27 154
41 154
42 154
43 154
65 154
68 154
74 154
97 154
211 154
215 154
255 154
256 154
296 154
297 154
391 154
393 154
394 154
395 154
396 154
397 154
420 154
430 154
433 154
467 154
468 154
539 154
540 154
57 155
58 155
59 155
64 155
65 155
66 155
69 155
73 155
96 155
98 155
215 155
295 155
298 155
391 155
394 155
411 155
412 155
431 155
432 155
544 155
545 155
565 155
566 155
35 156
36 156
63 156
65 156
67 156
70 156
71 156
72 156
96 156
98 156
124 156
208 156
209 156
215 156
296 156
297 156
392 156
393 156
411 156
412 156
448 156
463 156
464 156
544 156
545 156
565 156
566 156
35 157
36 157
62 157
63 157
64 157
66 157
67 157
68 157
97 157
124 157
208 157
209 157
217 157
218 157
393 157
447 157
449 157
463 157
464 157
521 157
522 157
63 158
65 158
67 158
124 158
206 158
209 158
219 158
221 158
222 158
328 158
329 158
337 158
338 158
346 158
347 158
416 158
417 158
418 158
446 158
449 158
514 158
515 158
521 158
523 158
64 159
65 159
66 159
206 159
208 159
212 159
221 159
223 159
327 159
330 159
337 159
338 159
346 159
347 159
408 159
409 159
447 159
448 159
495 159
496 159
497 159
514 159
515 159
521 159
523 159
528 159
12 160
65 160
110 160
111 160
120 160
121 160
122 160
126 160
127 160
128 160
208 160
213 160
214 160
215 160
216 160
218 160
221 160
223 160
284 160
285 160
286 160
328 160
329 160
408 160
409 160
414 160
420 160
494 160
496 160
497 160
519 160
520 160
521 160
523 160
524 160
527 160
529 160
11 161
13 161
30 161
31 161
110 161
111 161
151 161
152 161
153 161
215 161
216 161
218 161
390 161
391 161
392 161
414 161
420 161
494 161
496 161
497 161
518 161
519 161
520 161
521 161
523 161
527 161
529 161
10 162
13 162
29 162
31 162
124 162
215 162
216 162
220 162
221 162
331 162
332 162
333 162
390 162
391 162
392 162
414 162
420 162
495 162
522 162
528 162
11 163
12 163
29 163
30 163
67 163
68 163
124 163
149 163
155 163
216 163
217 163
218 163
219 163
220 163
282 163
386 163
387 163
496 163
497 163
498 163
499 163
519 163
520 163
521 163
581 163
582 163
583 163
27 164
28 164
67 164
68 164
87 164
88 164
124 164
149 164
155 164
281 164
283 164
385 164
389 164
497 164
498 164
499 164
520 164
571 164
26 165
28 165
34 165
35 165
43 165
87 165
88 165
111 165
112 165
113 165
149 165
155 165
213 165
214 165
281 165
282 165
371 165
385 165
390 165
498 165
571 165
26 166
27 166
33 166
35 166
43 166
55 166
213 166
214 166
323 166
324 166
325 166
329 166
330 166
331 166
371 166
386 166
388 166
391 166
484 166
485 166
486 166
488 166
489 166
491 166
510 166
545 166
546 166
571 166
33 167
34 167
43 167
54 167
56 167
151 167
152 167
153 167
371 167
382 167
387 167
392 167
446 167
484 167
485 167
486 167
487 167
491 167
510 167
545 167
546 167
31 168
32 168
55 168
56 168
208 168
209 168
327 168
381 168
383 168
391 168
445 168
447 168
488 168
489 168
490 168
510 168
30 169
32 169
208 169
209 169
301 169
302 169
327 169
381 169
384 169
387 169
445 169
448 169
481 169
482 169
1 170
30 170
31 170
52 170
246 170
301 170
302 170
320 170
327 170
368 170
369 170
382 170
383 170
385 170
386 170
387 170
389 170
448 170
481 170
483 170
491 170
492 170
506 170
507 170
508 170
512 170
513 170
514 170
557 170
558 170
1 171
51 171
52 171
165 171
166 171
245 171
247 171
250 171
251 171
310 171
311 171
319 171
321 171
368 171
369 171
384 171
389 171
447 171
448 171
482 171
491 171
492 171
526 171
527 171
556 171
559 171
1 172
51 172
52 172
165 172
166 172
252 172
310 172
311 172
319 172
321 172
384 172
443 172
444 172
510 172
526 172
527 172
556 172
558 172
596 172
43 173
51 173
249 173
251 173
320 173
385 173
386 173
387 173
391 173
392 173
393 173
405 173
442 173
443 173
444 173
494 173
510 173
557 173
595 173
597 173
3 174
4 174
5 174
43 174
174 174
185 174
248 174
249 174
250 174
268 174
269 174
270 174
370 174
372 174
404 174
406 174
439 174
440 174
441 174
445 174
494 174
510 174
595 174
596 174
43 175
174 175
184 175
186 175
220 175
221 175
248 175
249 175
353 175
370 175
371 175
404 175
406 175
438 175
439 175
440 175
441 175
442 175
445 175
494 175
1 176
19 176
20 176
68 176
70 176
71 176
174 176
184 176
186 176
220 176
221 176
248 176
249 176
314 176
315 176
353 176
371 176
405 176
437 176
438 176
440 176
442 176
444 176
445 176
1 177
19 177
20 177
39 177
40 177
41 177
45 177
46 177
47 177
60 177
61 177
67 177
68 177
71 177
180 177
181 177
185 177
248 177
249 177
313 177
315 177
353 177
416 177
417 177
437 177
440 177
441 177
445 177
570 177
571 177
572 177
1 178
59 178
62 178
68 178
71 178
179 178
181 178
248 178
249 178
290 178
291 178
314 178
321 178
322 178
416 178
417 178
437 178
441 178
444 178
517 178
43 179
60 179
61 179
69 179
70 179
180 179
254 179
289 179
292 179
321 179
322 179
350 179
372 179
373 179
438 179
440 179
441 179
442 179
444 179
516 179
518 179
596 179
43 180
127 180
233 180
234 180
236 180
237 180
239 180
253 180
255 180
268 180
269 180
270 180
289 180
291 180
350 180
371 180
374 180
438 180
440 180
443 180
464 180
465 180
509 180
516 180
518 180
590 180
596 180
43 181
127 181
232 181
233 181
235 181
236 181
237 181
239 181
256 181
290 181
350 181
372 181
373 181
439 181
440 181
463 181
466 181
508 181
510 181
517 181
541 181
542 181
556 181
589 181
591 181
596 181
127 182
234 182
235 182
236 182
254 182
255 182
319 182
320 182
438 182
440 182
464 182
466 182
508 182
510 182
541 182
542 182
555 182
557 182
589 182
591 182
22 183
110 183
111 183
119 183
120 183
149 183
150 183
155 183
156 183
160 183
161 183
223 183
245 183
251 183
252 183
285 183
286 183
318 183
321 183
440 183
465 183
469 183
470 183
487 183
488 183
509 183
521 183
522 183
550 183
556 183
590 183
21 184
23 184
75 184
109 184
111 184
119 184
120 184
149 184
150 184
155 184
156 184
160 184
161 184
222 184
224 184
225 184
235 184
236 184
237 184
244 184
246 184
251 184
252 184
284 184
287 184
313 184
314 184
319 184
320 184
415 184
416 184
440 184
469 184
471 184
487 184
488 184
520 184
523 184
549 184
551 184
22 185
23 185
38 185
39 185
74 185
76 185
109 185
110 185
222 185
250 185
253 185
263 185
264 185
285 185
287 185
313 185
314 185
337 185
338 185
415 185
416 185
439 185
440 185
470 185
497 185
498 185
521 185
522 185
536 185
537 185
550 185
585 185
586 185
594 185
595 185
38 186
39 186
74 186
75 186
244 186
245 186
246 186
250 186
251 186
263 186
264 186
286 186
337 186
338 186
350 186
374 186
375 186
404 186
440 186
441 186
497 186
498 186
536 186
537 186
584 186
587 186
593 186
596 186
246 187
248 187
249 187
251 187
310 187
349 187
351 187
373 187
376 187
403 187
405 187
572 187
573 187
585 187
586 187
594 187
595 187
41 188
178 188
179 188
200 188
227 188
250 188
251 188
252 188
289 188
290 188
291 188
309 188
311 188
349 188
351 188
374 188
375 188
404 188
405 188
504 188
505 188
572 188
573 188
33 189
34 189
41 189
140 189
141 189
177 189
180 189
199 189
201 189
224 189
227 189
251 189
252 189
253 189
289 189
308 189
311 189
350 189
504 189
505 189
531 189
556 189
557 189
558 189
590 189
33 190
34 190
41 190
140 190
141 190
142 190
178 190
179 190
199 190
200 190
253 190
290 190
309 190
310 190
319 190
320 190
439 190
440 190
441 190
463 190
531 190
589 190
591 190
141 191
142 191
251 191
252 191
253 191
318 191
321 191
439 191
442 191
463 191
522 191
523 191
531 191
572 191
573 191
579 191
580 191
589 191
591 191
145 192
252 192
264 192
265 192
318 192
321 192
386 192
416 192
417 192
425 192
426 192
437 192
438 192
442 192
463 192
561 192
572 192
573 192
578 192
581 192
590 192
7 193
30 193
31 193
141 193
142 193
144 193
145 193
147 193
187 193
188 193
189 193
219 193
220 193
226 193
264 193
265 193
279 193
280 193
281 193
286 193
287 193
288 193
319 193
320 193
386 193
415 193
418 193
424 193
427 193
437 193
440 193
442 193
446 193
447 193
517 193
519 193
520 193
521 193
522 193
523 193
560 193
562 193
579 193
581 193
7 194
11 194
12 194
30 194
31 194
45 194
67 194
139 194
145 194
218 194
221 194
225 194
237 194
238 194
386 194
416 194
417 194
425 194
426 194
431 194
432 194
437 194
438 194
439 194
441 194
443 194
445 194
446 194
447 194
469 194
470 194
516 194
560 194
562 194
580 194
7 195
11 195
12 195
45 195
66 195
68 195
139 195
140 195
142 195
143 195
144 195
191 195
219 195
220 195
229 195
230 195
238 195
239 195
290 195
376 195
377 195
389 195
390 195
431 195
432 195
441 195
442 195
445 195
469 195
470 195
517 195
519 195
561 195
568 195
569 195
570 195
45 196
65 196
68 196
142 196
143 196
191 196
201 196
202 196
225 196
226 196
230 196
231 196
237 196
238 196
239 196
240 196
290 196
376 196
377 196
388 196
391 196
407 196
408 196
421 196
441 196
444 196
518 196
66 197
67 197
191 197
200 197
203 197
224 197
225 197
226 197
229 197
230 197
242 197
290 197
389 197
390 197
406 197
409 197
420 197
422 197
482 197
162 198
200 198
203 198
224 198
226 198
228 198
230 198
236 198
237 198
240 198
243 198
336 198
337 198
407 198
409 198
420 198
422 198
439 198
481 198
483 198
509 198
510 198
511 198
162 199
201 199
202 199
223 199
224 199
236 199
237 199
244 199
286 199
287 199
288 199
336 199
337 199
349 199
350 199
351 199
408 199
421 199
439 199
445 199
446 199
481 199
483 199
509 199
512 199
513 199
28 200
29 200
78 200
79 200
122 200
123 200
162 200
228 200
229 200
235 200
236 200
237 200
244 200
440 200
441 200
443 200
445 200
446 200
482 200
509 200
510 200
513 200
28 201
29 201
77 201
80 201
122 201
123 201
235 201
237 201
242 201
244 201
260 201
261 201
429 201
442 201
444 201
445 201
446 201
511 201
512 201
513 201
556 201
557 201
578 201
579 201
78 202
80 202
235 202
238 202
260 202
261 202
428 202
430 202
445 202
447 202
469 202
470 202
557 202
558 202
578 202
579 202
79 203
106 203
226 203
236 203
238 203
424 203
429 203
431 203
445 203
447 203
469 203
470 203
549 203
550 203
551 203
553 203
554 203
555 203
558 203
21 204
22 204
23 204
105 204
107 204
226 204
237 204
423 204
425 204
430 204
431 204
446 204
496 204
497 204
553 204
554 204
555 204
556 204
557 204
65 205
66 205
105 205
107 205
246 205
283 205
284 205
423 205
425 205
495 205
498 205
509 205
511 205
513 205
515 205
553 205
554 205
556 205
557 205
65 206
66 206
106 206
120 206
243 206
248 206
254 206
255 206
282 206
285 206
376 206
424 206
486 206
496 206
497 206
509 206
515 206
592 206
120 207
171 207
243 207
249 207
253 207
256 207
278 207
279 207
282 207
285 207
375 207
377 207
400 207
401 207
481 207
485 207
487 207
509 207
511 207
513 207
515 207
522 207
523 207
554 207
591 207
593 207
73 208
111 208
120 208
170 208
172 208
243 208
248 208
254 208
255 208
278 208
279 208
283 208
284 208
324 208
325 208
375 208
377 208
399 208
402 208
481 208
485 208
486 208
521 208
524 208
532 208
533 208
553 208
555 208
592 208
593 208
72 209
74 209
110 209
112 209
170 209
173 209
246 209
310 209
311 209
324 209
325 209
352 209
353 209
376 209
400 209
401 209
481 209
522 209
523 209
532 209
534 209
544 209
552 209
555 209
72 210
74 210
111 210
112 210
171 210
172 210
309 210
312 210
351 210
354 210
414 210
415 210
449 210
450 210
451 210
533 210
544 210
545 210
546 210
547 210
554 210
21 211
22 211
73 211
310 211
311 211
352 211
353 211
414 211
415 211
445 211
545 211
548 211
549 211
554 211
562 211
21 212
22 212
235 212
236 212
444 212
446 212
543 212
544 212
545 212
548 212
550 212
552 212
557 212
558 212
563 212
157 213
158 213
234 213
236 213
300 213
313 213
314 213
370 213
371 213
445 213
446 213
543 213
544 213
545 213
548 213
549 213
556 213
558 213
563 213
11 214
12 214
124 214
125 214
156 214
159 214
235 214
299 214
301 214
312 214
315 214
370 214
371 214
496 214
497 214
514 214
515 214
544 214
545 214
549 214
556 214
10 215
13 215
86 215
87 215
88 215
124 215
125 215
156 215
159 215
286 215
299 215
301 215
312 215
315 215
441 215
496 215
497 215
514 215
515 215
544 215
545 215
547 215
549 215
550 215
557 215
558 215
559 215
10 216
12 216
71 216
157 216
158 216
166 216
167 216
286 216
300 216
313 216
314 216
440 216
442 216
524 216
537 216
538 216
545 216
547 216
548 216
549 216
558 216
559 216
11 217
61 217
62 217
70 217
72 217
166 217
167 217
286 217
376 217
377 217
382 217
383 217
440 217
442 217
466 217
524 217
537 217
538 217
541 217
546 217
547 217
60 218
63 218
71 218
116 218
117 218
152 218
153 218
154 218
376 218
377 218
382 218
383 218
441 218
466 218
524 218
540 218
541 218
542 218
61 219
62 219
116 219
118 219
178 219
179 219
282 219
283 219
284 219
288 219
289 219
290 219
398 219
400 219
401 219
466 219
540 219
541 219
567 219
27 220
117 220
150 220
156 220
177 220
180 220
193 220
396 220
397 220
398 220
400 220
401 220
403 220
540 220
567 220
27 221
150 221
156 221
178 221
179 221
193 221
201 221
202 221
235 221
286 221
395 221
396 221
397 221
509 221
567 221
578 221
27 222
150 222
156 222
193 222
201 222
202 222
234 222
236 222
286 222
394 222
395 222
396 222
397 222
401 222
402 222
508 222
510 222
578 222
105 223
106 223
133 223
134 223
212 223
213 223
234 223
236 223
255 223
256 223
286 223
306 223
307 223
393 223
399 223
508 223
510 223
524 223
554 223
555 223
560 223
578 223
23 224
24 224
25 224
104 224
107 224
133 224
134 224
152 224
153 224
154 224
205 224
212 224
213 224
235 224
255 224
256 224
306 224
307 224
394 224
395 224
399 224
509 224
523 224
525 224
544 224
545 224
554 224
555 224
559 224
561 224
43 225
44 225
105 225
165 225
166 225
199 225
200 225
204 225
206 225
322 225
338 225
359 225
360 225
523 225
524 225
544 225
546 225
560 225
561 225
572 225
574 225
584 225
43 226
44 226
165 226
166 226
198 226
201 226
203 226
206 226
322 226
337 226
338 226
339 226
358 226
361 226
395 226
396 226
397 226
398 226
456 226
457 226
466 226
545 226
547 226
573 226
574 226
584 226
158 227
159 227
199 227
200 227
204 227
205 227
322 227
336 227
339 227
340 227
359 227
361 227
395 227
396 227
397 227
398 227
399 227
456 227
457 227
466 227
492 227
493 227
529 227
530 227
546 227
573 227
584 227
158 228
159 228
185 228
186 228
187 228
199 228
246 228
247 228
248 228
338 228
360 228
365 228
366 228
398 228
400 228
434 228
466 228
485 228
486 228
492 228
493 228
528 228
531 228
0 229
1 229
116 229
117 229
184 229
188 229
198 229
310 229
365 229
366 229
399 229
433 229
435 229
485 229
486 229
529 229
530 229
599 229
20 230
21 230
22 230
38 230
116 230
117 230
184 230
185 230
187 230
188 230
197 230
198 230
199 230
293 230
294 230
309 230
311 230
382 230
383 230
396 230
397 230
398 230
434 230
492 230
493 230
37 231
39 231
196 231
201 231
293 231
294 231
309 231
311 231
324 231
377 231
382 231
384 231
396 231
397 231
492 231
493 231
36 232
39 232
142 232
196 232
197 232
198 232
199 232
201 232
310 232
323 232
324 232
325 232
336 232
376 232
378 232
383 232
395 232
397 232
37 233
38 233
141 233
143 233
147 233
148 233
165 233
166 233
197 233
201 233
202 233
320 233
322 233
323 233
326 233
337 233
338 233
376 233
378 233
19 234
20 234
141 234
144 234
147 234
148 234
157 234
158 234
159 234
165 234
166 234
183 234
184 234
185 234
193 234
194 234
197 234
198 234
200 234
201 234
267 234
268 234
269 234
305 234
306 234
314 234
315 234
319 234
320 234
321 234
322 234
323 234
324 234
325 234
326 234
336 234
337 234
377 234
396 234
397 234
598 234
599 234
19 235
20 235
142 235
143 235
183 235
184 235
185 235
186 235
187 235
193 235
194 235
200 235
304 235
307 235
313 235
316 235
318 235
319 235
321 235
322 235
325 235
442 235
443 235
444 235
463 235
586 235
591 235
598 235
599 235
177 236
178 236
184 236
185 236
187 236
188 236
200 236
203 236
265 236
271 236
291 236
295 236
296 236
305 236
306 236
314 236
315 236
319 236
320 236
321 236
462 236
464 236
520 236
521 236
586 236
591 236
177 237
178 237
184 237
185 237
187 237
199 237
200 237
202 237
265 237
271 237
291 237
292 237
295 237
296 237
297 237
320 237
462 237
464 237
502 237
503 237
520 237
521 237
586 237
591 237
97 238
184 238
187 238
198 238
200 238
201 238
239 238
265 238
271 238
285 238
296 238
297 238
298 238
310 238
336 238
337 238
338 238
368 238
369 238
376 238
377 238
382 238
383 238
463 238
502 238
503 238
96 239
98 239
199 239
284 239
285 239
286 239
287 239
289 239
294 239
295 239
297 239
298 239
309 239
311 239
367 239
369 239
376 239
377 239
382 239
383 239
456 239
96 240
98 240
182 240
239 240
243 240
283 240
287 240
288 240
289 240
294 240
297 240
298 240
309 240
311 240
368 240
456 240
97 241
179 241
181 241
187 241
239 241
240 241
241 241
244 241
251 241
252 241
284 241
285 241
288 241
293 241
296 241
300 241
301 241
310 241
456 241
180 242
181 242
182 242
186 242
234 242
235 242
239 242
240 242
242 242
245 242
251 242
252 242
285 242
300 242
301 242
505 242
506 242
78 243
79 243
234 243
235 243
242 243
244 243
288 243
289 243
293 243
294 243
452 243
453 243
454 243
458 243
459 243
460 243
505 243
506 243
523 243
524 243
29 244
30 244
31 244
78 244
79 244
234 244
235 244
245 244
288 244
289 244
293 244
294 244
392 244
522 244
525 244
68 245
69 245
164 245
165 245
184 245
189 245
190 245
236 245
237 245
238 245
243 245
244 245
245 245
268 245
269 245
289 245
290 245
291 245
293 245
391 245
392 245
393 245
417 245
418 245
456 245
473 245
474 245
523 245
525 245
60 246
68 246
69 246
164 246
165 246
185 246
189 246
190 246
243 246
245 246
246 246
268 246
269 246
290 246
291 246
293 246
294 246
390 246
391 246
393 246
394 246
416 246
419 246
447 246
448 246
456 246
473 246
474 246
524 246
555 246
582 246
43 247
44 247
60 247
156 247
183 247
184 247
185 247
201 247
202 247
290 247
293 247
372 247
373 247
390 247
392 247
395 247
410 247
411 247
412 247
417 247
418 247
447 247
448 247
456 247
555 247
582 247
591 247
592 247
43 248
44 248
54 248
55 248
56 248
60 248
155 248
157 248
200 248
203 248
237 248
289 248
371 248
374 248
390 248
392 248
393 248
395 248
396 248
397 248
555 248
582 248
590 248
593 248
155 249
157 249
201 249
202 249
204 249
205 249
237 249
302 249
372 249
374 249
393 249
394 249
414 249
591 249
592 249
26 250
27 250
28 250
156 250
201 250
202 250
204 250
205 250
302 250
316 250
317 250
373 250
393 250
395 250
398 250
399 250
414 250
60 251
61 251
200 251
201 251
202 251
203 251
210 251
238 251
302 251
324 251
325 251
326 251
341 251
342 251
343 251
388 251
389 251
391 251
393 251
400 251
414 251
481 251
482 251
490 251
491 251
12 252
13 252
24 252
30 252
59 252
62 252
102 252
103 252
188 252
189 252
190 252
198 252
199 252
201 252
209 252
211 252
237 252
238 252
309 252
310 252
312 252
313 252
315 252
322 252
324 252
387 252
388 252
389 252
391 252
392 252
393 252
397 252
398 252
400 252
480 252
483 252
490 252
491 252
12 253
13 253
24 253
30 253
60 253
62 253
102 253
104 253
209 253
211 253
215 253
216 253
310 253
312 253
316 253
317 253
318 253
319 253
320 253
322 253
386 253
389 253
390 253
393 253
396 253
399 253
410 253
411 253
412 253
428 253
429 253
480 253
483 253
24 254
30 254
61 254
103 254
104 254
186 254
192 254
201 254
203 254
211 254
214 254
217 254
301 254
302 254
310 254
316 254
317 254
322 254
389 254
390 254
395 254
428 254
429 254
481 254
482 254
146 255
147 255
186 255
192 255
199 255
203 255
215 255
218 255
301 255
302 255
310 255
312 255
316 255
377 255
378 255
386 255
387 255
389 255
390 255
391 255
393 255
587 255
588 255
18 256
26 256
27 256
28 256
98 256
99 256
100 256
146 256
147 256
186 256
192 256
199 256
202 256
203 256
215 256
217 256
233 256
273 256
274 256
311 256
315 256
377 256
378 256
391 256
471 256
472 256
587 256
588 256
18 257
114 257
176 257
177 257
200 257
201 257
202 257
233 257
272 257
275 257
312 257
313 257
314 257
471 257
472 257
493 257
494 257
581 257
18 258
113 258
115 258
149 258
176 258
177 258
188 258
189 258
190 258
201 258
233 258
273 258
274 258
338 258
339 258
340 258
403 258
404 258
412 258
492 258
495 258
580 258
582 258
597 258
598 258
599 258
114 259
115 259
148 259
150 259
211 259
212 259
213 259
337 259
341 259
402 259
404 259
411 259
412 259
493 259
494 259
580 259
582 259
45 260
148 260
149 260
210 260
211 260
213 260
336 260
342 260
403 260
411 260
412 260
581 260
44 261
46 261
131 261
132 261
183 261
184 261
193 261
194 261
209 261
211 261
212 261
281 261
282 261
319 261
320 261
321 261
335 261
339 261
343 261
411 261
476 261
477 261
520 261
521 261
45 262
46 262
130 262
133 262
144 262
145 262
183 262
184 262
192 262
195 262
209 262
210 262
211 262
247 262
248 262
271 262
281 262
282 262
335 262
338 262
340 262
343 262
374 262
375 262
386 262
476 262
477 262
519 262
522 262
124 263
125 263
131 263
132 263
144 263
145 263
192 263
195 263
211 263
247 263
248 263
270 263
272 263
306 263
307 263
308 263
317 263
335 263
339 263
343 263
359 263
373 263
376 263
386 263
431 263
432 263
434 263
435 263
520 263
521 263
124 264
125 264
193 264
194 264
259 264
260 264
270 264
272 264
317 264
336 264
358 264
359 264
360 264
374 264
376 264
385 264
387 264
389 264
390 264
391 264
401 264
403 264
436 264
460 264
461 264
462 264
484 264
258 265
261 265
271 265
317 265
337 265
357 265
361 265
375 265
387 265
389 265
391 265
392 265
402 265
431 265
432 265
435 265
452 265
453 265
454 265
484 265
170 266
171 266
189 266
259 266
260 266
338 266
343 266
357 266
358 266
360 266
361 266
385 266
392 266
433 266
434 266
466 266
467 266
468 266
484 266
55 267
56 267
169 267
172 267
187 267
188 267
190 267
301 267
339 267
344 267
385 267
386 267
390 267
391 267
55 268
56 268
170 268
171 268
187 268
190 268
198 268
199 268
200 268
300 268
302 268
340 268
344 268
429 268
480 268
481 268
482 268
486 268
487 268
488 268
49 269
50 269
197 269
202 269
299 269
300 269
302 269
303 269
340 269
344 269
347 269
348 269
349 269
372 269
373 269
387 269
388 269
389 269
407 269
408 269
428 269
433 269
462 269
463 269
464 269
516 269
517 269
518 269
566 269
8 270
9 270
10 270
25 270
26 270
49 270
50 270
105 270
106 270
148 270
149 270
188 270
189 270
299 270
300 270
303 270
341 270
343 270
347 270
350 270
365 270
371 270
373 270
374 270
394 270
396 270
401 270
404 270
405 270
408 270
429 270
434 270
437 270
438 270
439 270
484 270
565 270
567 270
25 271
26 271
104 271
107 271
148 271
149 271
196 271
203 271
282 271
283 271
301 271
302 271
342 271
346 271
349 271
350 271
364 271
365 271
366 271
367 271
370 271
375 271
394 271
396 271
401 271
402 271
404 271
408 271
431 271
437 271
438 271
439 271
477 271
484 271
514 271
520 271
565 271
567 271
56 272
57 272
105 272
106 272
139 272
140 272
197 272
198 272
199 272
203 272
282 272
283 272
287 272
298 272
302 272
345 272
347 272
348 272
356 272
357 272
362 272
363 272
365 272
367 272
368 272
369 272
372 272
373 272
374 272
375 272
395 272
401 272
402 272
403 272
404 272
435 272
436 272
437 272
438 272
459 272
460 272
477 272
484 272
514 272
520 272
566 272
55 273
58 273
139 273
140 273
152 273
200 273
201 273
287 273
297 273
298 273
300 273
301 273
302 273
303 273
304 273
312 273
336 273
337 273
345 273
347 273
356 273
357 273
358 273
363 273
364 273
367 273
404 273
405 273
428 273
429 273
432 273
433 273
437 273
459 273
460 273
477 273
514 273
520 273
56 274
57 274
89 274
90 274
152 274
201 274
202 274
287 274
297 274
298 274
305 274
312 274
335 274
341 274
342 274
347 274
358 274
361 274
363 274
364 274
366 274
371 274
403 274
89 275
90 275
100 275
152 275
255 275
256 275
299 275
300 275
301 275
305 275
312 275
330 275
331 275
340 275
341 275
343 275
360 275
365 275
367 275
370 275
393 275
394 275
395 275
397 275
398 275
403 275
404 275
405 275
432 275
433 275
436 275
473 275
474 275
475 275
479 275
480 275
481 275
516 275
517 275
518 275
83 276
84 276
85 276
99 276
101 276
255 276
256 276
277 276
286 276
297 276
301 276
302 276
304 276
330 276
331 276
335 276
336 276
337 276
343 276
344 276
359 276
365 276
367 276
368 276
369 276
392 276
398 276
404 276
406 276
434 276
435 276
552 276
553 276
82 277
86 277
99 277
101 277
176 277
177 277
277 277
285 277
286 277
287 277
288 277
296 277
297 277
298 277
336 277
337 277
343 277
345 277
360 277
365 277
392 277
393 277
397 277
402 277
403 277
407 277
408 277
477 277
552 277
553 277
82 278
86 278
100 278
175 278
178 278
235 278
236 278
277 278
284 278
286 278
288 278
289 278
296 278
298 278
340 278
342 278
344 278
345 278
346 278
354 278
358 278
360 278
363 278
376 278
378 278
394 278
395 278
402 278
403 278
404 278
406 278
477 278
484 278
485 278
498 278
499 278
548 278
549 278
82 279
86 279
160 279
161 279
176 279
177 279
235 279
237 279
283 279
284 279
286 279
290 279
345 279
354 279
355 279
358 279
364 279
374 279
375 279
376 279
378 279
379 279
401 279
403 279
404 279
477 279
483 279
485 279
498 279
499 279
547 279
550 279
25 280
26 280
49 280
50 280
83 280
84 280
85 280
96 280
155 280
156 280
157 280
159 280
160 280
161 280
236 280
284 280
286 280
287 280
288 280
289 280
355 280
356 280
357 280
358 280
362 280
363 280
364 280
365 280
381 280
401 280
404 280
484 280
502 280
548 280
550 280
25 281
26 281
48 281
51 281
96 281
127 281
128 281
154 281
158 281
159 281
285 281
286 281
287 281
329 281
356 281
361 281
362 281
364 281
366 281
373 281
374 281
375 281
377 281
378 281
382 281
451 281
452 281
502 281
549 281
48 282
51 282
96 282
127 282
128 282
129 282
157 282
158 282
170 282
171 282
172 282
184 282
185 282
186 282
329 282
331 282
360 282
362 282
366 282
367 282
373 282
376 282
378 282
382 282
400 282
401 282
402 282
404 282
408 282
409 282
451 282
452 282
502 282
521 282
5 283
49 283
50 283
126 283
129 283
130 283
131 283
132 283
134 283
135 283
154 283
155 283
158 283
163 283
329 283
330 283
359 283
360 283
364 283
366 283
373 283
374 283
377 283
380 283
382 283
404 283
405 283
408 283
409 283
520 283
522 283
594 283
595 283
5 284
92 284
93 284
94 284
127 284
128 284
129 284
130 284
131 284
135 284
141 284
142 284
157 284
162 284
165 284
313 284
360 284
362 284
364 284
365 284
373 284
374 284
378 284
381 284
403 284
404 284
405 284
411 284
412 284
413 284
521 284
594 284
595 284
5 285
127 285
128 285
132 285
133 285
134 285
141 285
142 285
157 285
163 285
165 285
312 285
313 285
314 285
361 285
362 285
363 285
364 285
377 285
378 285
379 285
380 285
403 285
404 285
405 285
410 285
413 285
463 285
464 285
465 285
485 285
486 285
501 285
31 286
32 286
129 286
131 286
132 286
133 286
141 286
143 286
255 286
256 286
276 286
277 286
311 286
313 286
315 286
362 286
377 286
378 286
379 286
401 286
402 286
403 286
409 286
413 286
485 286
487 286
500 286
502 286
31 287
32 287
127 287
128 287
131 287
162 287
163 287
254 287
257 287
310 287
311 287
312 287
314 287
315 287
316 287
322 287
403 287
404 287
405 287
409 287
411 287
412 287
486 287
501 287
502 287
585 287
586 287
587 287
84 288
85 288
125 288
160 288
163 288
191 288
192 288
255 288
257 288
274 288
275 288
276 288
277 288
311 288
313 288
315 288
322 288
324 288
408 288
409 288
410 288
411 288
18 289
19 289
84 289
85 289
125 289
129 289
131 289
133 289
134 289
158 289
159 289
160 289
190 289
193 289
256 289
273 289
287 289
312 289
313 289
314 289
322 289
323 289
386 289
387 289
409 289
450 289
451 289
583 289
589 289
11 290
18 290
19 290
131 290
158 290
159 290
191 290
192 290
226 290
227 290
272 290
274 290
283 290
284 290
285 290
288 290
313 290
408 290
410 290
450 290
451 290
566 290
583 290
589 290
11 291
88 291
125 291
128 291
132 291
135 291
160 291
163 291
164 291
165 291
173 291
174 291
226 291
228 291
272 291
278 291
279 291
283 291
284 291
287 291
288 291
409 291
484 291
526 291
527 291
566 291
583 291
589 291
11 292
55 292
56 292
57 292
74 292
87 292
89 292
125 292
126 292
128 292
129 292
131 292
132 292
134 292
135 292
158 292
159 292
161 292
164 292
165 292
172 292
175 292
186 292
187 292
217 292
218 292
227 292
271 292
272 292
277 292
280 292
285 292
286 292
287 292
288 292
375 292
376 292
483 292
485 292
526 292
527 292
566 292
74 293
87 293
90 293
125 293
126 293
127 293
128 293
129 293
132 293
140 293
141 293
147 293
157 293
158 293
159 293
173 293
174 293
186 293
187 293
217 293
218 293
241 293
242 293
271 293
274 293
283 293
284 293
285 293
286 293
287 293
288 293
375 293
376 293
383 293
388 293
389 293
403 293
483 293
485 293
585 293
586 293
587 293
7 294
8 294
9 294
74 294
88 294
89 294
124 294
125 294
126 294
129 294
132 294
133 294
141 294
145 294
146 294
147 294
157 294
162 294
240 294
242 294
272 294
273 294
280 294
283 294
284 294
287 294
374 294
376 294
383 294
385 294
396 294
397 294
403 294
484 294
491 294
591 294
592 294
126 295
129 295
130 295
132 295
142 295
144 295
146 295
160 295
162 295
163 295
241 295
273 295
278 295
280 295
285 295
286 295
384 295
385 295
396 295
397 295
401 295
402 295
403 295
468 295
469 295
490 295
492 295
499 295
591 295
592 295
41 296
42 296
126 296
127 296
130 296
131 296
146 296
147 296
149 296
159 296
160 296
162 296
163 296
278 296
279 296
359 296
379 296
380 296
400 296
401 296
463 296
467 296
470 296
490 296
492 296
498 296
500 296
0 297
1 297
41 297
42 297
101 297
102 297
124 297
126 297
127 297
128 297
129 297
141 297
143 297
145 297
147 297
148 297
150 297
358 297
359 297
360 297
379 297
399 297
400 297
462 297
464 297
468 297
469 297
491 297
498 297
501 297
0 298
1 298
18 298
51 298
67 298
68 298
69 298
100 298
103 298
124 298
128 298
139 298
141 298
148 298
150 298
250 298
251 298
252 298
357 298
360 298
361 298
379 298
400 298
401 298
423 298
424 298
425 298
462 298
465 298
499 298
500 298
12 299
13 299
17 299
19 299
27 299
28 299
50 299
52 299
101 299
102 299
124 299
139 299
145 299
176 299
177 299
357 299
358 299
359 299
361 299
379 299
380 299
381 299
463 299
464 299
524 299
525 299
12 300
13 300
18 300
26 300
29 300
49 300
52 300
65 300
143 300
144 300
145 300
175 300
178 300
266 300
267 300
268 300
355 300
356 300
358 300
360 300
361 300
372 300
382 300
440 300
441 300
468 300
476 300
477 300
524 300
525 300
27 301
28 301
50 301
51 301
65 301
143 301
176 301
178 301
304 301
354 301
357 301
365 301
366 301
372 301
439 301
442 301
468 301
476 301
478 301
489 301
490 301
491 301
563 301
65 302
155 302
177 302
303 302
304 302
305 302
306 302
321 302
322 302
353 302
354 302
355 302
356 302
357 302
358 302
365 302
366 302
372 302
381 302
382 302
439 302
442 302
468 302
477 302
503 302
530 302
531 302
562 302
564 302
24 303
25 303
57 303
154 303
156 303
172 303
173 303
306 303
308 303
321 303
322 303
354 303
357 303
381 303
382 303
419 303
420 303
440 303
441 303
503 303
530 303
531 303
563 303
564 303
24 304
25 304
57 304
67 304
68 304
69 304
154 304
156 304
172 304
173 304
306 304
308 304
355 304
356 304
358 304
360 304
361 304
419 304
420 304
503 304
36 305
37 305
57 305
63 305
155 305
185 305
186 305
187 305
306 305
308 305
350 305
357 305
358 305
359 305
361 305
378 305
480 305
481 305
556 305
557 305
558 305
36 306
37 306
48 306
49 306
62 306
64 306
299 306
300 306
349 306
351 306
356 306
357 306
360 306
361 306
378 306
480 306
481 306
505 306
506 306
507 306
40 307
41 307
47 307
50 307
62 307
64 307
135 307
150 307
151 307
159 307
160 307
300 307
302 307
350 307
357 307
358 307
360 307
372 307
378 307
393 307
394 307
560 307
40 308
41 308
48 308
50 308
63 308
124 308
135 308
149 308
152 308
158 308
161 308
283 308
301 308
311 308
313 308
354 308
358 308
360 308
365 308
366 308
371 308
373 308
393 308
394 308
398 308
399 308
503 308
559 308
561 308
9 309
10 309
49 309
124 309
135 309
150 309
151 309
159 309
160 309
212 309
218 309
249 309
250 309
281 309
284 309
285 309
311 309
352 309
353 309
358 309
359 309
364 309
367 309
372 309
398 309
399 309
503 309
559 309
561 309
9 310
10 310
124 310
193 310
212 310
218 310
248 310
251 310
262 310
264 310
281 310
285 310
315 310
351 310
352 310
359 310
360 310
365 310
366 310
503 310
560 310
577 310
578 310
155 311
191 311
192 311
194 311
195 311
212 311
218 311
249 311
250 311
261 311
265 311
269 311
270 311
280 311
281 311
285 311
306 311
307 311
308 311
313 311
351 311
352 311
358 311
572 311
576 311
579 311
120 312
154 312
156 312
190 312
192 312
194 312
195 312
264 312
269 312
270 312
279 312
281 312
283 312
284 312
304 312
309 312
314 312
351 312
352 312
354 312
356 312
397 312
556 312
557 312
572 312
577 312
578 312
589 312
590 312
49 313
50 313
51 313
120 313
154 313
156 313
189 313
192 313
194 313
214 313
215 313
216 313
226 313
279 313
281 313
282 313
283 313
284 313
285 313
286 313
287 313
304 313
308 313
309 313
396 313
397 313
398 313
556 313
557 313
572 313
589 313
590 313
72 314
120 314
155 314
225 314
227 314
261 314
262 314
263 314
280 314
281 314
283 314
284 314
288 314
304 314
306 314
307 314
395 314
397 314
399 314
493 314
494 314
71 315
73 315
193 315
225 315
227 315
270 315
271 315
283 315
288 315
337 315
382 315
383 315
384 315
395 315
397 315
399 315
493 315
494 315
572 315
70 316
73 316
116 316
117 316
118 316
189 316
190 316
192 316
226 316
269 316
271 316
283 316
286 316
287 316
337 316
382 316
383 316
384 316
396 316
397 316
398 316
572 316
71 317
72 317
191 317
192 317
197 317
269 317
272 317
284 317
285 317
337 317
384 317
396 317
397 317
413 317
414 317
415 317
572 317
92 318
93 318
187 318
197 318
253 318
254 318
270 318
271 318
346 318
347 318
384 318
385 318
386 318
388 318
394 318
395 318
396 318
413 318
414 318
415 318
425 318
426 318
427 318
469 318
92 319
93 319
99 319
100 319
101 319
188 319
197 319
253 319
254 319
271 319
325 319
326 319
346 319
347 319
382 319
383 319
384 319
385 319
386 319
388 319
394 319
395 319
396 319
469 319
494 319
495 319
496 319
583 319
584 319
114 320
115 320
186 320
188 320
323 320
324 320
327 320
382 320
383 320
384 320
387 320
469 320
495 320
496 320
497 320
583 320
584 320
62 321
63 321
64 321
114 321
115 321
185 321
186 321
188 321
191 321
192 321
250 321
251 321
323 321
324 321
329 321
330 321
331 321
394 321
395 321
396 321
409 321
410 321
418 321
419 321
433 321
518 321
519 321
5 322
6 322
10 322
11 322
186 322
188 322
190 322
193 322
199 322
213 322
249 322
251 322
262 322
263 322
322 322
323 322
328 322
329 322
330 322
331 322
344 322
364 322
394 322
395 322
409 322
410 322
418 322
419 322
432 322
434 322
518 322
519 322
5 323
6 323
9 323
12 323
183 323
184 323
187 323
188 323
190 323
193 323
198 323
199 323
212 323
214 323
250 323
261 323
264 323
326 323
327 323
328 323
342 323
343 323
344 323
346 323
347 323
364 323
391 323
393 323
394 323
409 323
410 323
418 323
419 323
432 323
435 323
442 323
443 323
447 323
448 323
449 323
471 323
579 323
586 323
587 323
9 324
11 324
183 324
184 324
187 324
189 324
193 324
198 324
200 324
213 324
214 324
219 324
262 324
263 324
329 324
331 324
332 324
343 324
346 324
364 324
390 324
392 324
393 324
398 324
399 324
400 324
435 324
444 324
446 324
447 324
449 324
460 324
461 324
462 324
471 324
578 324
580 324
586 324
587 324
10 325
188 325
189 325
191 325
219 325
279 325
280 325
328 325
329 325
331 325
332 325
334 325
335 325
340 325
343 325
346 325
348 325
391 325
395 325
396 325
433 325
434 325
444 325
449 325
457 325
471 325
578 325
581 325
15 326
16 326
108 326
189 326
190 326
191 326
219 326
274 326
279 326
280 326
320 326
323 326
324 326
325 326
328 326
329 326
332 326
333 326
334 326
335 326
341 326
342 326
347 326
391 326
392 326
400 326
413 326
414 326
415 326
434 326
435 326
448 326
456 326
458 326
464 326
579 326
580 326
15 327
16 327
108 327
196 327
197 327
274 327
320 327
321 327
322 327
330 327
332 327
333 327
335 327
337 327
390 327
391 327
395 327
398 327
399 327
413 327
414 327
415 327
435 327
436 327
443 327
445 327
448 327
455 327
458 327
464 327
525 327
526 327
23 328
92 328
93 328
108 328
114 328
115 328
197 328
198 328
274 328
319 328
320 328
323 328
325 328
335 328
337 328
390 328
394 328
395 328
436 328
442 328
443 328
445 328
446 328
447 328
456 328
457 328
464 328
525 328
526 328
22 329
24 329
92 329
93 329
114 329
115 329
198 329
202 329
203 329
266 329
267 329
268 329
310 329
311 329
318 329
320 329
324 329
334 329
338 329
443 329
444 329
487 329
488 329
489 329
18 330
23 330
24 330
199 330
200 330
201 330
202 330
203 330
204 330
310 330
311 330
318 330
319 330
320 330
324 330
337 330
444 330
460 330
461 330
462 330
569 330
17 331
19 331
133 331
134 331
200 331
201 331
203 331
204 331
205 331
315 331
336 331
339 331
346 331
347 331
356 331
357 331
361 331
362 331
367 331
368 331
369 331
430 331
431 331
432 331
445 331
485 331
491 331
547 331
548 331
568 331
570 331
17 332
19 332
133 332
134 332
141 332
142 332
143 332
201 332
202 332
204 332
284 332
285 332
289 332
290 332
307 332
308 332
315 332
317 332
337 332
338 332
345 332
347 332
348 332
349 332
356 332
358 332
362 332
380 332
381 332
418 332
430 332
432 332
442 332
445 332
485 332
491 332
521 332
522 332
546 332
548 332
568 332
570 332
18 333
79 333
80 333
201 333
202 333
306 333
309 333
315 333
316 333
345 333
349 333
350 333
357 333
379 333
382 333
417 333
418 333
419 333
428 333
429 333
432 333
443 333
444 333
485 333
491 333
520 333
523 333
547 333
569 333
1 334
2 334
78 334
80 334
95 334
96 334
193 334
200 334
307 334
308 334
345 334
347 334
351 334
357 334
361 334
380 334
381 334
416 334
420 334
428 334
431 334
433 334
507 334
520 334
522 334
0 335
3 335
26 335
27 335
79 335
91 335
92 335
95 335
96 335
192 335
194 335
345 335
349 335
350 335
359 335
415 335
416 335
417 335
419 335
420 335
421 335
428 335
429 335
430 335
431 335
432 335
434 335
487 335
488 335
489 335
499 335
500 335
507 335
521 335
534 335
535 335
593 335
594 335
1 336
2 336
25 336
28 336
91 336
92 336
193 336
194 336
321 336
340 336
341 336
346 336
348 336
349 336
385 336
415 336
420 336
431 336
432 336
499 336
500 336
507 336
534 336
535 336
584 336
585 336
593 336
594 336
26 337
27 337
59 337
60 337
222 337
223 337
314 337
315 337
316 337
322 337
339 337
342 337
344 337
347 337
384 337
386 337
414 337
415 337
416 337
418 337
419 337
420 337
430 337
431 337
433 337
483 337
484 337
584 337
585 337
58 338
61 338
72 338
73 338
222 338
223 338
310 338
311 338
318 338
319 338
321 338
322 338
338 338
342 338
343 338
346 338
384 338
386 338
393 338
415 338
419 338
432 338
482 338
485 338
9 339
10 339
59 339
60 339
71 339
74 339
120 339
121 339
162 339
163 339
233 339
234 339
309 339
312 339
318 339
319 339
321 339
343 339
344 339
346 339
373 339
385 339
392 339
393 339
394 339
395 339
416 339
417 339
418 339
434 339
482 339
484 339
9 340
10 340
72 340
74 340
120 340
121 340
161 340
164 340
232 340
235 340
265 340
266 340
310 340
311 340
317 340
320 340
338 340
343 340
344 340
347 340
349 340
372 340
373 340
374 340
391 340
392 340
396 340
417 340
424 340
425 340
426 340
433 340
435 340
464 340
465 340
483 340
500 340
501 340
502 340
534 340
535 340
560 340
561 340
73 341
97 341
130 341
131 341
132 341
161 341
163 341
232 341
235 341
242 341
265 341
266 341
316 341
317 341
319 341
320 341
340 341
341 341
345 341
347 341
349 341
350 341
370 341
371 341
375 341
390 341
391 341
392 341
395 341
396 341
402 341
403 341
423 341
427 341
433 341
464 341
465 341
534 341
535 341
560 341
561 341
97 342
98 342
109 342
110 342
137 342
139 342
162 342
233 342
234 342
242 342
317 342
319 342
320 342
341 342
347 342
351 342
373 342
374 342
381 342
391 342
392 342
395 342
396 342
397 342
402 342
403 342
422 342
427 342
428 342
433 342
10 343
11 343
41 343
99 343
103 343
109 343
110 343
137 343
140 343
242 343
249 343
250 343
318 343
319 343
320 343
322 343
343 343
345 343
350 343
373 343
380 343
382 343
383 343
392 343
397 343
422 343
428 343
433 343
435 343
436 343
528 343
10 344
11 344
40 344
42 344
50 344
51 344
90 344
91 344
95 344
97 344
98 344
102 344
104 344
134 344
136 344
140 344
249 344
250 344
320 344
321 344
322 344
323 344
324 344
344 344
346 344
370 344
372 344
379 344
380 344
383 344
395 344
396 344
399 344
415 344
422 344
426 344
427 344
432 344
434 344
527 344
529 344
40 345
42 345
50 345
51 345
88 345
89 345
92 345
95 345
96 345
97 345
103 345
104 345
133 345
134 345
138 345
139 345
140 345
238 345
239 345
240 345
325 345
344 345
345 345
371 345
372 345
373 345
379 345
381 345
382 345
396 345
397 345
399 345
400 345
414 345
415 345
416 345
423 345
429 345
430 345
431 345
446 345
447 345
527 345
529 345
598 345
30 346
31 346
41 346
63 346
64 346
67 346
68 346
88 346
91 346
92 346
93 346
133 346
137 346
139 346
177 346
178 346
179 346
196 346
197 346
323 346
324 346
325 346
336 346
373 346
382 346
384 346
390 346
391 346
399 346
400 346
401 346
413 346
415 346
417 346
424 346
425 346
427 346
428 346
429 346
446 346
447 346
528 346
581 346
582 346
583 346
597 346
599 346
25 347
26 347
29 347
30 347
32 347
46 347
48 347
63 347
64 347
67 347
68 347
88 347
93 347
133 347
134 347
138 347
150 347
151 347
196 347
197 347
324 347
337 347
371 347
374 347
379 347
380 347
384 347
390 347
391 347
413 347
417 347
428 347
597 347
598 347
25 348
26 348
27 348
30 348
33 348
45 348
48 348
85 348
86 348
89 348
90 348
91 348
92 348
93 348
99 348
100 348
150 348
151 348
332 348
333 348
334 348
337 348
371 348
380 348
381 348
384 348
411 348
412 348
418 348
419 348
512 348
513 348
514 348
24 349
31 349
32 349
33 349
40 349
41 349
46 349
48 349
85 349
86 349
91 349
92 349
98 349
126 349
127 349
128 349
129 349
130 349
131 349
191 349
332 349
335 349
357 349
358 349
375 349
380 349
381 349
382 349
410 349
415 349
419 349
463 349
25 350
26 350
27 350
31 350
34 350
40 350
41 350
46 350
48 350
71 350
97 350
125 350
130 350
131 350
191 350
210 350
211 350
212 350
332 350
357 350
358 350
372 350
375 350
376 350
409 350
410 350
411 350
414 350
416 350
442 350
443 350
446 350
447 350
462 350
464 350
510 350
516 350
25 351
26 351
27 351
28 351
33 351
47 351
48 351
71 351
98 351
100 351
125 351
131 351
133 351
134 351
135 351
191 351
337 351
339 351
341 351
356 351
367 351
368 351
369 351
372 351
376 351
377 351
379 351
410 351
415 351
425 351
426 351
432 351
433 351
434 351
442 351
443 351
446 351
447 351
462 351
463 351
475 351
476 351
502 351
503 351
510 351
516 351
535 351
536 351
571 351
572 351
27 352
28 352
49 352
71 352
75 352
76 352
99 352
126 352
127 352
129 352
133 352
136 352
208 352
214 352
333 352
334 352
336 352
337 352
338 352
342 352
357 352
358 352
366 352
369 352
372 352
375 352
378 352
380 352
381 352
385 352
386 352
387 352
411 352
412 352
423 352
426 352
471 352
472 352
475 352
476 352
501 352
504 352
510 352
516 352
535 352
536 352
570 352
573 352
45 353
48 353
49 353
75 353
76 353
128 353
129 353
130 353
133 353
134 353
135 353
208 353
214 353
247 353
338 353
342 353
357 353
358 353
365 353
369 353
372 353
375 353
378 353
413 353
421 353
422 353
426 353
428 353
429 353
471 353
472 353
502 353
503 353
571 353
572 353
45 354
46 354
47 354
48 354
94 354
122 354
123 354
129 354
130 354
131 354
138 354
139 354
140 354
208 354
214 354
247 354
339 354
340 354
342 354
365 354
373 354
376 354
377 354
383 354
413 354
415 354
423 354
424 354
428 354
429 354
512 354
513 354
514 354
589 354
45 355
93 355
95 355
121 355
124 355
130 355
131 355
137 355
140 355
247 355
341 355
365 355
368 355
374 355
375 355
376 355
383 355
414 355
415 355
430 355
588 355
590 355
48 356
93 356
95 356
122 356
123 356
200 356
210 356
211 356
212 356
281 356
282 356
366 356
367 356
383 356
408 356
415 356
420 356
421 356
428 356
429 356
469 356
579 356
580 356
589 356
590 356
48 357
94 357
127 357
137 357
139 357
144 357
145 357
154 357
155 357
164 357
199 357
201 357
282 357
283 357
339 357
340 357
398 357
407 357
409 357
421 357
422 357
423 357
425 357
426 357
428 357
429 357
438 357
439 357
440 357
459 357
468 357
470 357
479 357
480 357
481 357
517 357
518 357
543 357
544 357
548 357
549 357
550 357
579 357
580 357
23 358
48 358
106 358
126 358
128 358
138 358
143 358
146 358
153 358
156 358
163 358
165 358
190 358
191 358
200 358
229 358
256 358
273 358
281 358
335 358
338 358
340 358
356 358
357 358
398 358
406 358
422 358
458 358
460 358
468 358
470 358
517 358
518 358
542 358
545 358
23 359
89 359
90 359
98 359
99 359
106 359
108 359
126 359
129 359
142 359
143 359
145 359
146 359
154 359
155 359
163 359
165 359
190 359
191 359
228 359
230 359
255 359
257 359
273 359
338 359
339 359
340 359
356 359
357 359
396 359
398 359
399 359
406 359
410 359
411 359
415 359
416 359
417 359
458 359
460 359
469 359
483 359
484 359
543 359
544 359
23 360
70 360
71 360
88 360
91 360
97 360
100 360
106 360
107 360
127 360
128 360
141 360
143 360
159 360
160 360
164 360
229 360
243 360
244 360
255 360
257 360
273 360
395 360
396 360
400 360
401 360
406 360
408 360
409 360
411 360
415 360
416 360
418 360
419 360
459 360
482 360
485 360
70 361
71 361
89 361
90 361
98 361
99 361
140 361
141 361
159 361
160 361
243 361
244 361
256 361
388 361
393 361
396 361
399 361
406 361
409 361
415 361
416 361
418 361
419 361
483 361
484 361
25 362
26 362
27 362
78 362
140 362
144 362
387 362
389 362
393 362
397 362
398 362
399 362
405 362
406 362
407 362
408 362
566 362
17 363
18 363
78 363
94 363
141 363
144 363
195 363
196 363
197 363
251 363
252 363
260 363
261 363
345 363
346 363
387 363
390 363
397 363
398 363
402 363
404 363
405 363
565 363
567 363
16 364
19 364
78 364
93 364
95 364
141 364
142 364
143 364
250 364
253 364
259 364
262 364
344 364
347 364
388 364
389 364
395 364
404 364
411 364
412 364
413 364
414 364
452 364
453 364
454 364
508 364
509 364
510 364
547 364
565 364
566 364
17 365
18 365
93 365
95 365
251 365
253 365
260 365
261 365
345 365
347 365
354 365
355 365
378 365
379 365
395 365
396 365
399 365
405 365
410 365
417 365
418 365
419 365
423 365
460 365
461 365
546 365
548 365
10 366
11 366
52 366
53 366
74 366
75 366
76 366
80 366
81 366
82 366
94 366
187 366
188 366
252 366
346 366
353 366
356 366
378 366
379 366
404 366
406 366
410 366
411 366
422 366
424 366
450 366
456 366
460 366
461 366
506 366
512 366
546 366
548 366
585 366
586 366
10 367
11 367
52 367
53 367
125 367
138 367
144 367
187 367
188 367
255 367
256 367
293 367
294 367
295 367
354 367
355 367
404 367
407 367
411 367
413 367
414 367
421 367
425 367
430 367
431 367
450 367
456 367
506 367
512 367
547 367
584 367
587 367
78 368
124 368
126 368
138 368
144 368
254 368
257 368
404 368
405 368
406 368
411 368
412 368
413 368
414 368
415 368
422 368
424 368
430 368
431 368
450 368
456 368
506 368
512 368
584 368
586 368
78 369
124 369
126 369
138 369
144 369
234 369
235 369
255 369
257 369
413 369
414 369
415 369
423 369
585 369
78 370
125 370
234 370
235 370
256 370
345 370
452 370
453 370
454 370
508 370
509 370
510 370
573 370
574 370
83 371
84 371
140 371
141 371
142 371
344 371
346 371
444 371
445 371
446 371
501 371
502 371
573 371
574 371
54 372
83 372
84 372
130 372
202 372
203 372
344 372
346 372
501 372
502 372
559 372
12 373
13 373
53 373
55 373
130 373
174 373
175 373
201 373
204 373
234 373
235 373
345 373
405 373
406 373
448 373
559 373
568 373
569 373
11 374
14 374
38 374
53 374
55 374
130 374
174 374
175 374
202 374
203 374
233 374
236 374
405 374
406 374
448 374
559 374
567 374
570 374
11 375
13 375
37 375
39 375
54 375
234 375
235 375
340 375
341 375
349 375
350 375
406 375
448 375
568 375
569 375
12 376
37 376
39 376
283 376
284 376
339 376
342 376
348 376
351 376
385 376
386 376
409 376
410 376
421 376
422 376
423 376
594 376
38 377
172 377
173 377
283 377
284 377
326 377
340 377
341 377
349 377
350 377
358 377
384 377
386 377
407 377
409 377
451 377
452 377
453 377
594 377
172 378
174 378
325 378
327 378
358 378
385 378
397 378
407 378
408 378
594 378
33 379
34 379
42 379
43 379
85 379
127 379
128 379
173 379
279 379
280 379
281 379
325 379
328 379
345 379
358 379
396 379
397 379
405 379
406 379
455 379
456 379
457 379
556 379
557 379
32 380
35 380
41 380
44 380
84 380
86 380
127 380
128 380
272 380
326 380
327 380
344 380
346 380
395 380
396 380
397 380
408 380
481 380
502 380
503 380
555 380
558 380
33 381
34 381
42 381
43 381
73 381
74 381
84 381
86 381
236 381
237 381
271 381
273 381
344 381
346 381
360 381
361 381
396 381
397 381
405 381
480 381
482 381
498 381
499 381
502 381
503 381
556 381
557 381
72 382
75 382
85 382
235 382
237 382
271 382
273 382
345 382
360 382
361 382
397 382
398 382
399 382
400 382
408 382
480 382
482 382
498 382
499 382
50 383
51 383
73 383
74 383
150 383
166 383
167 383
236 383
272 383
304 383
305 383
374 383
375 383
398 383
399 383
401 383
481 383
50 384
51 384
149 384
151 384
166 384
167 384
303 384
306 384
312 384
373 384
376 384
399 384
401 384
402 384
415 384
419 384
149 385
150 385
159 385
303 385
305 385
312 385
373 385
375 385
379 385
380 385
381 385
400 385
414 385
416 385
418 385
420 385
158 386
160 386
200 386
201 386
304 386
312 386
322 386
323 386
374 386
379 386
382 386
383 386
414 386
416 386
418 386
420 386
432 386
141 387
142 387
143 387
158 387
161 387
199 387
202 387
321 387
324 387
378 387
384 387
415 387
419 387
432 387
476 387
1 388
159 388
160 388
174 388
175 388
199 388
201 388
221 388
222 388
308 388
309 388
310 388
314 388
315 388
316 388
322 388
323 388
355 388
363 388
364 388
384 388
432 388
476 388
0 389
2 389
33 389
34 389
51 389
52 389
174 389
175 389
200 389
221 389
222 389
292 389
293 389
355 389
362 389
365 389
376 389
384 389
476 389
577 389
578 389
579 389
587 389
588 389
0 390
1 390
33 390
34 390
50 390
53 390
149 390
150 390
292 390
293 390
337 390
338 390
355 390
363 390
364 390
376 390
379 390
383 390
497 390
498 390
517 390
518 390
586 390
589 390
51 391
52 391
149 391
150 391
235 391
236 391
241 391
274 391
337 391
338 391
497 391
498 391
516 391
519 391
587 391
588 391
235 392
236 392
241 392
250 392
251 392
273 392
275 392
368 392
369 392
517 392
518 392
557 392
595 392
596 392
174 393
205 393
241 393
250 393
251 393
274 393
275 393
367 393
370 393
488 393
489 393
528 393
529 393
556 393
558 393
594 393
596 393
109 394
110 394
174 394
205 394
368 394
369 394
427 394
428 394
487 394
490 394
528 394
529 394
556 394
558 394
570 394
595 394
25 395
109 395
110 395
174 395
205 395
218 395
219 395
220 395
237 395
238 395
426 395
429 395
462 395
488 395
489 395
535 395
536 395
557 395
570 395
19 396
20 396
24 396
26 396
236 396
239 396
326 396
327 396
426 396
428 396
461 396
463 396
535 396
536 396
570 396
19 397
20 397
24 397
26 397
139 397
175 397
201 397
202 397
203 397
237 397
238 397
326 397
327 397
427 397
438 397
439 397
440 397
461 397
463 397
25 398
88 398
89 398
90 398
131 398
132 398
139 398
175 398
395 398
396 398
462 398
490 398
491 398
38 399
39 399
131 399
132 399
139 399
175 399
281 399
282 399
312 399
313 399
395 399
396 399
442 399
490 399
491 399
523 399
524 399
38 400
39 400
281 400
282 400
312 400
313 400
333 400
334 400
342 400
343 400
345 400
346 400
416 400
417 400
442 400
523 400
524 400
150 401
222 401
223 401
333 401
334 401
342 401
343 401
345 401
346 401
405 401
406 401
416 401
417 401
442 401
4 402
5 402
9 402
10 402
149 402
151 402
222 402
223 402
405 402
406 402
436 402
437 402
583 402
598 402
599 402
0 403
3 403
6 403
8 403
11 403
50 403
51 403
149 403
151 403
276 403
277 403
435 403
438 403
455 403
456 403
582 403
584 403
597 403
0 404
4 404
5 404
9 404
10 404
25 404
26 404
50 404
51 404
150 404
275 404
278 404
436 404
437 404
455 404
456 404
496 404
569 404
570 404
582 404
584 404
598 404
25 405
26 405
260 405
261 405
262 405
275 405
277 405
399 405
495 405
497 405
569 405
570 405
583 405
599 405
55 406
145 406
146 406
154 406
155 406
276 406
327 406
328 406
399 406
406 406
495 406
497 406
555 406
556 406
18 407
43 407
54 407
56 407
138 407
139 407
140 407
144 407
147 407
153 407
156 407
327 407
328 407
363 407
399 407
405 407
407 407
496 407
555 407
556 407
17 408
19 408
43 408
53 408
56 408
145 408
146 408
154 408
155 408
201 408
202 408
322 408
323 408
363 408
405 408
407 408
454 408
455 408
578 408
579 408
580 408
18 409
43 409
54 409
55 409
110 409
111 409
201 409
202 409
322 409
323 409
363 409
406 409
424 409
425 409
442 409
443 409
444 409
454 409
455 409
550 409
551 409
552 409
60 410
66 410
67 410
98 410
110 410
111 410
150 410
216 410
217 410
423 410
426 410
490 410
491 410
45 411
46 411
47 411
59 411
61 411
66 411
67 411
97 411
99 411
149 411
151 411
215 411
218 411
338 411
401 411
402 411
410 411
411 411
424 411
425 411
489 411
492 411
554 411
583 411
584 411
585 411
58 412
60 412
78 412
79 412
97 412
99 412
149 412
151 412
195 412
196 412
208 412
209 412
216 412
217 412
225 412
338 412
400 412
403 412
410 412
411 412
490 412
491 412
554 412
43 413
57 413
59 413
78 413
79 413
98 413
150 413
195 413
196 413
202 413
208 413
209 413
224 413
231 413
232 413
303 413
338 413
401 413
402 413
487 413
537 413
554 413
3 414
30 414
43 414
58 414
196 414
197 414
198 414
199 414
201 414
203 414
224 414
225 414
226 414
231 414
233 414
303 414
477 414
478 414
487 414
508 414
509 414
536 414
538 414
1 415
6 415
24 415
25 415
26 415
29 415
31 415
43 415
93 415
94 415
102 415
103 415
162 415
163 415
164 415
168 415
169 415
170 415
197 415
198 415
199 415
200 415
201 415
203 415
232 415
252 415
253 415
303 415
390 415
477 415
478 415
487 415
497 415
498 415
508 415
509 415
536 415
538 415
550 415
551 415
552 415
580 415
581 415
2 416
6 416
24 416
27 416
30 416
32 416
92 416
95 416
101 416
104 416
181 416
196 416
202 416
240 416
241 416
247 416
248 416
252 416
254 416
390 416
497 416
498 416
537 416
541 416
580 416
581 416
2 417
7 417
23 417
27 417
31 417
32 417
56 417
57 417
93 417
94 417
102 417
103 417
166 417
181 417
196 417
199 417
201 417
202 417
240 417
241 417
246 417
248 417
249 417
254 417
269 417
270 417
299 417
300 417
301 417
305 417
306 417
307 417
390 417
540 417
542 417
568 417
3 418
6 418
23 418
25 418
27 418
28 418
56 418
57 418
133 418
134 418
166 418
181 418
197 418
198 418
199 418
201 418
234 418
235 418
247 418
248 418
253 418
269 418
270 418
287 418
289 418
340 418
341 418
342 418
381 418
539 418
542 418
567 418
569 418
2 419
24 419
25 419
27 419
28 419
98 419
133 419
134 419
166 419
198 419
234 419
235 419
250 419
253 419
274 419
290 419
303 419
380 419
382 419
535 419
536 419
540 419
541 419
568 419
570 419
1 420
2 420
3 420
25 420
26 420
27 420
91 420
92 420
97 420
99 420
105 420
106 420
183 420
184 420
185 420
251 420
255 420
274 420
286 420
290 420
303 420
380 420
383 420
392 420
398 420
512 420
513 420
535 420
536 420
569 420
570 420
0 421
1 421
3 421
4 421
91 421
92 421
97 421
99 421
105 421
106 421
254 421
256 421
274 421
286 421
303 421
381 421
382 421
392 421
398 421
477 421
478 421
511 421
514 421
595 421
0 422
1 422
3 422
6 422
98 422
211 422
212 422
248 422
254 422
255 422
281 422
282 422
283 422
286 422
287 422
337 422
392 422
398 422
477 422
478 422
512 422
513 422
590 422
594 422
595 422
0 423
6 423
59 423
193 423
210 423
212 423
248 423
279 423
280 423
282 423
283 423
284 423
285 423
287 423
289 423
290 423
291 423
293 423
337 423
462 423
463 423
554 423
555 423
589 423
590 423
593 423
594 423
599 423
0 424
1 424
2 424
4 424
5 424
10 424
11 424
12 424
58 424
60 424
88 424
89 424
131 424
132 424
193 424
210 424
211 424
278 424
286 424
288 424
292 424
293 424
294 424
337 424
404 424
405 424
462 424
463 424
466 424
467 424
493 424
554 424
555 424
559 424
560 424
588 424
589 424
591 424
594 424
596 424
597 424
599 424
0 425
2 425
3 425
31 425
32 425
33 425
58 425
60 425
88 425
90 425
131 425
132 425
176 425
177 425
178 425
193 425
237 425
238 425
277 425
289 425
295 425
314 425
403 425
406 425
466 425
467 425
492 425
494 425
558 425
561 425
584 425
589 425
591 425
595 425
596 425
1 426
11 426
13 426
59 426
89 426
91 426
200 426
237 426
238 426
280 426
289 426
293 426
294 426
313 426
315 426
404 426
405 426
493 426
494 426
558 426
560 426
584 426
590 426
591 426
8 427
10 427
12 427
29 427
35 427
90 427
169 427
170 427
174 427
195 427
198 427
199 427
200 427
201 427
202 427
276 427
280 427
291 427
292 427
293 427
313 427
315 427
372 427
374 427
413 427
414 427
483 427
517 427
559 427
584 427
598 427
8 428
10 428
12 428
13 428
14 428
29 428
35 428
59 428
168 428
171 428
174 428
182 428
183 428
195 428
198 428
203 428
232 428
233 428
234 428
259 428
260 428
261 428
276 428
279 428
314 428
321 428
322 428
366 428
372 428
375 428
412 428
415 428
422 428
437 428
438 428
439 428
483 428
516 428
518 428
598 428
599 428
9 429
13 429
29 429
35 429
58 429
60 429
168 429
170 429
174 429
182 429
183 429
198 429
200 429
203 429
236 429
237 429
261 429
275 429
279 429
291 429
321 429
322 429
365 429
367 429
381 429
382 429
413 429
415 429
421 429
423 429
436 429
437 429
439 429
440 429
441 429
444 429
449 429
483 429
516 429
518 429
597 429
598 429
599 429
10 430
11 430
12 430
13 430
19 430
20 430
21 430
58 430
60 430
132 430
169 430
197 430
236 430
237 430
260 430
275 430
276 430
277 430
279 430
280 430
290 430
292 430
364 430
365 430
367 430
368 430
370 430
371 430
373 430
377 430
378 430
381 430
382 430
407 430
408 430
414 430
421 430
423 430
437 430
441 430
443 430
444 430
446 430
450 430
517 430
591 430
592 430
597 430
598 430
11 431
31 431
32 431
33 431
50 431
51 431
59 431
132 431
196 431
238 431
269 431
273 431
274 431
275 431
276 431
280 431
336 431
337 431
338 431
364 431
365 431
368 431
369 431
374 431
378 431
381 431
386 431
387 431
388 431
407 431
408 431
422 431
437 431
438 431
440 431
442 431
444 431
446 431
447 431
448 431
449 431
591 431
592 431
50 432
51 432
132 432
197 432
202 432
209 432
210 432
236 432
237 432
241 432
242 432
243 432
269 432
273 432
275 432
288 432
289 432
293 432
365 432
366 432
371 432
375 432
379 432
381 432
415 432
416 432
417 432
439 432
443 432
446 432
448 432
475 432
476 432
113 433
114 433
115 433
197 433
198 433
199 433
200 433
201 433
209 433
210 433
236 433
237 433
269 433
273 433
275 433
276 433
288 433
289 433
290 433
291 433
293 433
294 433
334 433
366 433
367 433
368 433
369 433
372 433
373 433
374 433
414 433
415 433
417 433
418 433
443 433
444 433
445 433
475 433
476 433
513 433
4 434
5 434
6 434
7 434
10 434
170 434
171 434
222 434
239 434
274 434
275 434
293 434
294 434
297 434
333 434
335 434
347 434
367 434
368 434
372 434
379 434
380 434
413 434
417 434
418 434
444 434
445 434
496 434
512 434
514 434
7 435
10 435
98 435
109 435
110 435
163 435
164 435
170 435
171 435
221 435
223 435
239 435
249 435
250 435
257 435
258 435
259 435
274 435
293 435
294 435
296 435
297 435
298 435
333 435
336 435
347 435
373 435
374 435
375 435
376 435
394 435
395 435
414 435
415 435
416 435
425 435
426 435
439 435
495 435
497 435
513 435
514 435
578 435
579 435
0 436
10 436
98 436
108 436
111 436
163 436
164 436
221 436
223 436
239 436
249 436
250 436
257 436
258 436
259 436
294 436
295 436
297 436
299 436
334 436
335 436
347 436
394 436
395 436
414 436
415 436
416 436
425 436
426 436
427 436
439 436
495 436
497 436
578 436
579 436
599 436
0 437
4 437
9 437
32 437
33 437
34 437
98 437
109 437
111 437
124 437
125 437
167 437
168 437
222 437
251 437
255 437
256 437
260 437
297 437
299 437
424 437
427 437
439 437
496 437
598 437
8 438
65 438
66 438
110 438
124 438
125 438
166 438
169 438
213 438
214 438
246 438
247 438
252 438
256 438
257 438
258 438
259 438
260 438
270 438
271 438
278 438
279 438
294 438
295 438
297 438
298 438
359 438
361 438
424 438
426 438
427 438
599 438
6 439
7 439
30 439
36 439
65 439
66 439
167 439
168 439
185 439
186 439
211 439
215 439
231 439
232 439
246 439
252 439
255 439
257 439
281 439
294 439
295 439
297 439
298 439
317 439
318 439
322 439
323 439
334 439
335 439
360 439
425 439
426 439
30 440
36 440
53 440
54 440
184 440
187 440
211 440
216 440
231 440
232 440
246 440
247 440
251 440
256 440
257 440
278 440
281 440
296 440
317 440
318 440
321 440
324 440
334 440
335 440
443 440
447 440
453 440
459 440
497 440
498 440
503 440
504 440
30 441
36 441
41 441
53 441
54 441
110 441
111 441
184 441
186 441
210 441
213 441
215 441
216 441
217 441
248 441
249 441
256 441
278 441
279 441
280 441
321 441
324 441
443 441
446 441
448 441
453 441
459 441
497 441
498 441
503 441
504 441
591 441
41 442
110 442
111 442
185 442
202 442
210 442
211 442
216 442
265 442
266 442
281 442
300 442
301 442
322 442
323 442
447 442
453 442
459 442
482 442
483 442
484 442
591 442
8 443
32 443
33 443
34 443
41 443
200 443
201 443
203 443
244 443
245 443
265 443
266 443
267 443
276 443
278 443
282 443
283 443
300 443
301 443
329 443
591 443
8 444
147 444
198 444
200 444
201 444
204 444
205 444
244 444
245 444
260 444
261 444
264 444
267 444
276 444
278 444
279 444
281 444
328 444
330 444
383 444
384 444
455 444
456 444
457 444
8 445
37 445
38 445
39 445
92 445
147 445
197 445
199 445
202 445
205 445
277 445
278 445
279 445
280 445
281 445
329 445
383 445
384 445
497 445
91 446
93 446
123 446
147 446
177 446
178 446
196 446
199 446
203 446
262 446
279 446
281 446
305 446
306 446
307 446
392 446
440 446
489 446
490 446
496 446
498 446
507 446
508 446
509 446
85 447
91 447
93 447
122 447
124 447
177 447
179 447
196 447
199 447
200 447
202 447
204 447
258 447
259 447
262 447
263 447
280 447
281 447
365 447
366 447
392 447
440 447
462 447
463 447
464 447
489 447
490 447
496 447
498 447
506 447
510 447
544 447
545 447
84 448
86 448
92 448
123 448
143 448
144 448
145 448
149 448
150 448
151 448
178 448
179 448
196 448
197 448
199 448
200 448
201 448
202 448
203 448
204 448
258 448
259 448
262 448
263 448
264 448
365 448
366 448
392 448
440 448
497 448
505 448
511 448
544 448
545 448
70 449
71 449
84 449
86 449
203 449
234 449
235 449
236 449
352 449
353 449
504 449
508 449
512 449
70 450
71 450
85 450
147 450
205 450
207 450
338 450
339 450
351 450
354 450
504 450
507 450
509 450
88 451
147 451
205 451
206 451
207 451
208 451
338 451
339 451
351 451
353 451
385 451
386 451
406 451
407 451
421 451
426 451
427 451
495 451
496 451
504 451
508 451
513 451
585 451
586 451
87 452
89 452
147 452
201 452
208 452
322 452
323 452
352 452
384 452
386 452
405 452
408 452
426 452
427 452
450 452
451 452
452 452
495 452
496 452
505 452
530 452
531 452
584 452
587 452
71 453
72 453
88 453
202 453
204 453
206 453
208 453
322 453
323 453
385 453
393 453
394 453
406 453
407 453
421 453
431 453
432 453
433 453
506 453
510 453
511 453
512 453
513 453
530 453
531 453
585 453
586 453
11 454
12 454
71 454
72 454
113 454
114 454
195 454
196 454
197 454
207 454
243 454
245 454
246 454
247 454
285 454
392 454
394 454
507 454
508 454
509 454
513 454
597 454
598 454
599 454
11 455
12 455
113 455
114 455
203 455
205 455
206 455
241 455
248 455
284 455
286 455
371 455
372 455
392 455
394 455
431 455
482 455
567 455
568 455
204 456
212 456
240 456
244 456
249 456
285 456
370 456
373 456
392 456
393 456
435 456
481 456
483 456
487 456
488 456
503 456
567 456
568 456
39 457
91 457
92 457
211 457
212 457
239 457
242 457
246 457
249 457
370 457
373 457
426 457
430 457
431 457
435 457
481 457
483 457
484 457
486 457
487 457
489 457
495 457
504 457
505 457
573 457
574 457
38 458
40 458
91 458
92 458
211 458
233 458
234 458
235 458
239 458
240 458
242 458
247 458
249 458
250 458
371 458
372 458
425 458
427 458
428 458
429 458
434 458
468 458
469 458
482 458
488 458
489 458
495 458
503 458
504 458
573 458
574 458
38 459
41 459
146 459
147 459
196 459
209 459
211 459
212 459
240 459
243 459
247 459
250 459
369 459
371 459
372 459
376 459
386 459
387 459
426 459
427 459
430 459
432 459
441 459
442 459
467 459
470 459
475 459
486 459
494 459
496 459
28 460
29 460
39 460
40 460
145 460
147 460
151 460
195 460
197 460
207 460
212 460
240 460
245 460
249 460
284 460
369 460
370 460
375 460
377 460
386 460
387 460
431 460
435 460
436 460
437 460
440 460
443 460
467 460
469 460
475 460
487 460
490 460
493 460
495 460
9 461
10 461
27 461
30 461
146 461
151 461
195 461
197 461
212 461
241 461
248 461
283 461
285 461
301 461
377 461
378 461
438 461
439 461
440 461
441 461
443 461
468 461
475 461
487 461
488 461
489 461
493 461
494 461
495 461
8 462
11 462
15 462
16 462
28 462
29 462
109 462
110 462
130 462
131 462
151 462
172 462
173 462
174 462
196 462
216 462
217 462
242 462
243 462
244 462
246 462
283 462
286 462
300 462
302 462
433 462
434 462
436 462
438 462
439 462
442 462
494 462
509 462
510 462
526 462
8 463
11 463
14 463
17 463
109 463
111 463
130 463
131 463
206 463
211 463
216 463
217 463
284 463
285 463
300 463
302 463
364 463
433 463
434 463
435 463
437 463
438 463
509 463
510 463
525 463
527 463
9 464
10 464
15 464
16 464
52 464
53 464
54 464
110 464
111 464
147 464
148 464
149 464
153 464
154 464
155 464
207 464
208 464
209 464
210 464
301 464
336 464
337 464
373 464
382 464
432 464
434 464
525 464
528 464
535 464
536 464
575 464
576 464
198 465
336 465
337 465
382 465
383 465
432 465
433 465
434 465
436 465
437 465
438 465
526 465
527 465
535 465
536 465
575 465
576 465
580 465
19 466
20 466
117 466
118 466
151 466
182 466
183 466
198 466
199 466
200 466
296 466
297 466
375 466
377 466
384 466
386 466
432 466
433 466
580 466
590 466
591 466
19 467
20 467
50 467
51 467
117 467
118 467
151 467
182 467
183 467
198 467
199 467
200 467
201 467
295 467
298 467
377 467
383 467
384 467
386 467
387 467
433 467
438 467
441 467
442 467
580 467
590 467
591 467
10 468
11 468
50 468
51 468
151 468
201 468
202 468
296 468
297 468
362 468
363 468
364 468
365 468
366 468
372 468
373 468
375 468
376 468
386 468
434 468
435 468
436 468
437 468
441 468
442 468
460 468
461 468
509 468
9 469
12 469
201 469
362 469
363 469
366 469
367 469
376 469
434 469
435 469
436 469
460 469
461 469
508 469
510 469
523 469
524 469
525 469
10 470
11 470
170 470
171 470
172 470
200 470
289 470
290 470
291 470
363 470
364 470
367 470
452 470
453 470
507 470
508 470
510 470
578 470
259 471
260 471
261 471
265 471
266 471
267 471
363 471
365 471
366 471
367 471
372 471
375 471
452 471
453 471
504 471
505 471
507 471
510 471
511 471
578 471
49 472
50 472
64 472
168 472
174 472
363 472
366 472
371 472
372 472
375 472
413 472
414 472
456 472
457 472
493 472
494 472
503 472
507 472
508 472
509 472
510 472
512 472
578 472
45 473
46 473
50 473
51 473
64 473
152 473
153 473
168 473
174 473
263 473
303 473
304 473
357 473
358 473
363 473
364 473
365 473
369 473
370 473
371 473
372 473
373 473
374 473
413 473
414 473
456 473
457 473
493 473
494 473
508 473
509 473
510 473
512 473
513 473
47 474
64 474
151 474
154 474
168 474
174 474
202 474
203 474
207 474
208 474
263 474
283 474
284 474
285 474
303 474
304 474
357 474
358 474
370 474
371 474
372 474
504 474
507 474
510 474
513 474
45 475
46 475
87 475
152 475
153 475
159 475
160 475
202 475
204 475
207 475
208 475
263 475
328 475
329 475
369 475
371 475
511 475
512 475
513 475
514 475
516 475
517 475
518 475
87 476
159 476
160 476
203 476
233 476
328 476
329 476
370 476
413 476
426 476
427 476
433 476
434 476
506 476
507 476
510 476
512 476
513 476
516 476
519 476
530 476
2 477
3 477
50 477
87 477
233 477
308 477
314 477
315 477
369 477
371 477
388 477
389 477
395 477
396 477
412 477
414 477
426 477
427 477
433 477
434 477
510 477
511 477
515 477
516 477
517 477
520 477
529 477
531 477
579 477
580 477
581 477
2 478
3 478
50 478
233 478
308 478
314 478
315 478
324 478
325 478
370 478
388 478
389 478
394 478
396 478
412 478
414 478
510 478
511 478
516 478
517 478
519 478
529 478
531 478
557 478
558 478
50 479
132 479
133 479
155 479
156 479
196 479
197 479
308 479
323 479
326 479
370 479
393 479
395 479
413 479
508 479
509 479
510 479
515 479
516 479
530 479
557 479
558 479
575 479
576 479
584 479
585 479
33 480
39 480
132 480
133 480
154 480
157 480
195 480
198 480
229 480
230 480
231 480
235 480
236 480
237 480
324 480
325 480
394 480
492 480
493 480
508 480
509 480
514 480
515 480
574 480
577 480
583 480
586 480
8 481
33 481
38 481
40 481
41 481
55 481
56 481
110 481
111 481
155 481
156 481
185 481
186 481
196 481
198 481
257 481
258 481
269 481
443 481
444 481
460 481
492 481
493 481
513 481
514 481
516 481
575 481
576 481
584 481
585 481
7 482
9 482
33 482
38 482
40 482
41 482
45 482
46 482
55 482
56 482
69 482
110 482
111 482
185 482
186 482
197 482
233 482
256 482
259 482
268 482
270 482
281 482
282 482
314 482
315 482
404 482
405 482
407 482
443 482
444 482
459 482
461 482
514 482
516 482
517 482
596 482
597 482
7 483
9 483
39 483
40 483
44 483
46 483
68 483
69 483
70 483
148 483
149 483
150 483
160 483
233 483
257 483
258 483
268 483
270 483
281 483
282 483
314 483
315 483
404 483
406 483
407 483
459 483
461 483
515 483
516 483
518 483
580 483
595 483
598 483
8 484
20 484
44 484
45 484
67 484
71 484
159 484
161 484
229 484
233 484
269 484
361 484
362 484
460 484
510 484
511 484
518 484
519 484
527 484
579 484
581 484
596 484
597 484
19 485
21 485
67 485
68 485
70 485
71 485
103 485
159 485
161 485
195 485
196 485
229 485
361 485
362 485
510 485
513 485
517 485
518 485
521 485
522 485
527 485
579 485
581 485
19 486
20 486
34 486
102 486
104 486
160 486
194 486
197 486
209 486
210 486
229 486
511 486
513 486
518 486
522 486
523 486
527 486
580 486
35 487
103 487
104 487
195 487
196 487
209 487
210 487
285 487
286 487
290 487
291 487
453 487
454 487
505 487
517 487
518 487
520 487
521 487
523 487
524 487
591 487
35 488
123 488
129 488
223 488
285 488
286 488
290 488
291 488
301 488
453 488
454 488
484 488
504 488
506 488
517 488
519 488
520 488
521 488
523 488
590 488
592 488
122 489
124 489
129 489
216 489
222 489
224 489
300 489
302 489
483 489
485 489
503 489
507 489
516 489
517 489
518 489
520 489
521 489
522 489
591 489
592 489
78 490
79 490
80 490
88 490
89 490
122 490
124 490
129 490
216 490
222 490
224 490
300 490
301 490
314 490
347 490
348 490
484 490
485 490
503 490
504 490
505 490
507 490
508 490
509 490
586 490
587 490
66 491
87 491
90 491
105 491
123 491
216 491
223 491
313 491
315 491
347 491
348 491
358 491
359 491
361 491
362 491
364 491
503 491
504 491
507 491
508 491
515 491
518 491
557 491
586 491
587 491
65 492
67 492
76 492
82 492
88 492
89 492
104 492
106 492
291 492
313 492
315 492
358 492
364 492
451 492
505 492
507 492
508 492
518 492
556 492
558 492
27 493
28 493
42 493
65 493
68 493
76 493
82 493
105 493
203 493
204 493
218 493
219 493
220 493
256 493
257 493
290 493
292 493
314 493
357 493
364 493
451 493
467 493
468 493
500 493
502 493
504 493
507 493
515 493
516 493
517 493
556 493
558 493
21 494
27 494
28 494
42 494
64 494
67 494
76 494
82 494
202 494
204 494
255 494
258 494
290 494
292 494
358 494
363 494
451 494
466 494
469 494
504 494
506 494
507 494
557 494
21 495
42 495
64 495
65 495
202 495
203 495
256 495
258 495
291 495
358 495
362 495
467 495
468 495
476 495
477 495
500 495
501 495
506 495
525 495
526 495
21 496
53 496
62 496
63 496
65 496
66 496
78 496
79 496
80 496
257 496
359 496
362 496
476 496
477 496
501 496
503 496
524 496
527 496
52 497
54 497
60 497
61 497
62 497
65 497
66 497
133 497
134 497
171 497
285 497
286 497
500 497
506 497
525 497
526 497
546 497
547 497
51 498
55 498
59 498
60 498
63 498
65 498
66 498
133 498
134 498
170 498
172 498
200 498
278 498
285 498
286 498
499 498
500 498
502 498
503 498
506 498
546 498
547 498
567 498
51 499
55 499
61 499
64 499
65 499
170 499
172 499
200 499
278 499
478 499
498 499
499 499
502 499
566 499
568 499
46 500
51 500
53 500
54 500
65 500
66 500
67 500
171 500
200 500
218 500
243 500
244 500
278 500
376 500
377 500
394 500
395 500
477 500
479 500
497 500
498 500
501 500
502 500
507 500
508 500
566 500
567 500
45 501
47 501
50 501
122 501
123 501
218 501
243 501
244 501
326 501
376 501
377 501
394 501
395 501
477 501
479 501
498 501
501 501
507 501
509 501
45 502
64 502
65 502
66 502
107 502
108 502
109 502
121 502
124 502
218 502
280 502
281 502
282 502
301 502
302 502
303 502
325 502
327 502
451 502
478 502
499 502
500 502
502 502
507 502
508 502
595 502
596 502
46 503
53 503
64 503
65 503
120 503
223 503
224 503
308 503
309 503
310 503
325 503
327 503
404 503
405 503
406 503
450 503
452 503
500 503
501 503
507 503
508 503
512 503
513 503
595 503
596 503
53 504
100 504
101 504
121 504
122 504
223 504
224 504
228 504
229 504
326 504
421 504
422 504
423 504
427 504
428 504
429 504
450 504
452 504
507 504
508 504
509 504
513 504
47 505
48 505
49 505
50 505
51 505
100 505
101 505
121 505
123 505
124 505
125 505
402 505
408 505
451 505
460 505
461 505
462 505
490 505
491 505
508 505
512 505
579 505
580 505
581 505
9 506
10 506
41 506
49 506
50 506
52 506
53 506
124 506
125 506
184 506
242 506
402 506
408 506
425 506
489 506
492 506
500 506
501 506
503 506
504 506
508 506
512 506
594 506
595 506
9 507
10 507
40 507
41 507
42 507
45 507
52 507
57 507
58 507
59 507
120 507
122 507
123 507
125 507
184 507
241 507
242 507
243 507
402 507
408 507
425 507
490 507
493 507
501 507
503 507
505 507
506 507
509 507
511 507
594 507
595 507
40 508
41 508
43 508
44 508
45 508
51 508
52 508
54 508
59 508
121 508
122 508
123 508
125 508
184 508
224 508
226 508
240 508
243 508
270 508
304 508
305 508
328 508
329 508
425 508
491 508
492 508
493 508
495 508
496 508
503 508
505 508
506 508
516 508
517 508
582 508
583 508
584 508
40 509
44 509
47 509
48 509
54 509
55 509
57 509
58 509
59 509
67 509
68 509
121 509
124 509
125 509
224 509
225 509
241 509
242 509
269 509
271 509
304 509
305 509
328 509
329 509
404 509
405 509
406 509
454 509
504 509
505 509
516 509
517 509
40 510
48 510
50 510
53 510
54 510
67 510
68 510
121 510
122 510
126 510
180 510
181 510
182 510
186 510
187 510
188 510
224 510
225 510
235 510
269 510
271 510
454 510
490 510
491 510
492 510
22 511
40 511
45 511
46 511
49 511
50 511
121 511
122 511
125 511
126 511
234 511
236 511
270 511
454 511
593 511
22 512
35 512
40 512
46 512
47 512
121 512
125 512
184 512
234 512
235 512
306 512
307 512
363 512
364 512
487 512
488 512
593 512
22 513
34 513
36 513
41 513
47 513
52 513
112 513
113 513
114 513
121 513
122 513
123 513
124 513
133 513
183 513
185 513
265 513
266 513
274 513
275 513
306 513
307 513
363 513
364 513
486 513
593 513
34 514
36 514
45 514
48 514
53 514
132 514
134 514
183 514
185 514
222 514
223 514
264 514
267 514
273 514
276 514
297 514
298 514
299 514
562 514
563 514
18 515
19 515
20 515
24 515
25 515
26 515
35 515
58 515
100 515
132 515
134 515
184 515
221 515
224 515
238 515
239 515
240 515
265 515
266 515
274 515
275 515
323 515
327 515
328 515
487 515
489 515
490 515
561 515
564 515
575 515
576 515
8 516
9 516
50 516
52 516
57 516
59 516
99 516
101 516
118 516
124 516
133 516
222 516
223 516
229 516
237 516
238 516
241 516
242 516
322 516
324 516
327 516
328 516
487 516
491 516
562 516
563 516
575 516
576 516
8 517
9 517
56 517
59 517
89 517
99 517
101 517
118 517
124 517
228 517
229 517
238 517
270 517
322 517
324 517
487 517
489 517
491 517
57 518
58 518
88 518
90 518
100 518
124 518
228 518
230 518
236 518
237 518
238 518
240 518
269 518
271 518
323 518
445 518
488 518
489 518
491 518
492 518
515 518
516 518
517 518
88 519
90 519
118 519
119 519
120 519
121 519
123 519
269 519
271 519
343 519
444 519
446 519
514 519
518 519
89 520
127 520
128 520
188 520
211 520
212 520
213 520
233 520
234 520
236 520
237 520
241 520
264 520
265 520
270 520
290 520
343 520
444 520
446 520
518 520
523 520
524 520
584 520
585 520
126 521
128 521
187 521
189 521
232 521
233 521
234 521
236 521
237 521
241 521
242 521
243 521
264 521
265 521
290 521
343 521
349 521
350 521
403 521
445 521
478 521
513 521
519 521
523 521
524 521
584 521
585 521
18 522
19 522
20 522
105 522
106 522
127 522
186 522
188 522
233 522
235 522
241 522
290 522
339 522
349 522
350 522
402 522
404 522
477 522
479 522
513 522
520 522
534 522
535 522
105 523
106 523
186 523
187 523
215 523
216 523
234 523
235 523
240 523
250 523
311 523
312 523
339 523
386 523
387 523
402 523
404 523
434 523
435 523
477 523
478 523
507 523
514 523
519 523
534 523
535 523
78 524
139 524
214 524
216 524
234 524
249 524
251 524
310 524
313 524
339 524
386 524
387 524
403 524
434 524
435 524
488 524
489 524
506 524
77 525
79 525
139 525
213 525
221 525
222 525
223 525
224 525
235 525
239 525
248 525
251 525
265 525
266 525
298 525
311 525
312 525
412 525
413 525
488 525
489 525
507 525
514 525
516 525
517 525
559 525
560 525
78 526
130 526
139 526
140 526
153 526
154 526
216 526
220 526
221 526
224 526
237 526
249 526
250 526
265 526
266 526
297 526
299 526
324 526
325 526
335 526
336 526
337 526
341 526
342 526
343 526
412 526
413 526
507 526
508 526
509 526
511 526
514 526
515 526
559 526
560 526
130 527
140 527
146 527
147 527
148 527
152 527
155 527
156 527
213 527
219 527
280 527
297 527
300 527
324 527
325 527
424 527
425 527
483 527
508 527
509 527
511 527
513 527
514 527
25 528
26 528
130 528
141 528
148 528
151 528
157 528
215 528
217 528
280 528
298 528
299 528
339 528
388 528
389 528
424 528
425 528
460 528
461 528
483 528
511 528
512 528
513 528
24 529
27 529
141 529
142 529
143 529
144 529
148 529
149 529
152 529
153 529
154 529
157 529
171 529
172 529
223 529
280 529
339 529
388 529
389 529
434 529
435 529
460 529
461 529
483 529
0 530
24 530
27 530
137 530
138 530
140 530
143 530
144 530
145 530
148 530
149 530
151 530
155 530
156 530
157 530
170 530
172 530
217 530
223 530
339 530
434 530
435 530
450 530
555 530
556 530
557 530
599 530
1 531
25 531
26 531
137 531
138 531
139 531
140 531
141 531
142 531
143 531
144 531
148 531
150 531
151 531
171 531
194 531
195 531
219 531
222 531
227 531
347 531
348 531
449 531
451 531
463 531
598 531
0 532
48 532
49 532
50 532
138 532
139 532
140 532
141 532
142 532
145 532
146 532
147 532
153 532
183 532
184 532
189 532
194 532
195 532
220 532
227 532
234 532
235 532
236 532
346 532
349 532
381 532
382 532
449 532
451 532
462 532
464 532
599 532
15 533
16 533
38 533
39 533
40 533
48 533
49 533
50 533
73 533
124 533
125 533
143 533
145 533
147 533
148 533
149 533
150 533
153 533
182 533
184 533
188 533
190 533
227 533
228 533
346 533
348 533
353 533
354 533
381 533
382 533
450 533
462 533
464 533
15 534
16 534
38 534
41 534
47 534
52 534
73 534
125 534
144 534
149 534
182 534
225 534
226 534
227 534
347 534
353 534
354 534
395 534
434 534
435 534
463 534
470 534
471 534
496 534
42 535
48 535
49 535
50 535
51 535
52 535
53 535
73 535
121 535
144 535
149 535
180 535
182 535
225 535
226 535
227 535
244 535
329 535
394 535
396 535
434 535
435 535
460 535
470 535
471 535
496 535
21 536
22 536
35 536
36 536
38 536
40 536
42 536
43 536
48 536
49 536
53 536
121 536
124 536
145 536
148 536
179 536
225 536
226 536
227 536
243 536
245 536
266 536
267 536
329 536
394 536
396 536
460 536
482 536
496 536
21 537
22 537
35 537
38 537
39 537
41 537
42 537
50 537
51 537
53 537
120 537
123 537
179 537
181 537
187 537
189 537
242 537
244 537
266 537
268 537
287 537
329 537
387 537
395 537
460 537
481 537
483 537
35 538
36 538
43 538
51 538
52 538
120 538
121 538
122 538
127 538
178 538
179 538
180 538
186 538
243 538
267 538
287 538
319 538
320 538
387 538
388 538
452 538
453 538
481 538
483 538
491 538
492 538
24 539
25 539
37 539
43 539
44 539
45 539
58 539
121 539
128 539
129 539
178 539
179 539
180 539
186 539
190 539
261 539
262 539
287 539
318 539
321 539
352 539
353 539
386 539
389 539
452 539
453 539
473 539
474 539
482 539
491 539
492 539
24 540
25 540
29 540
30 540
58 540
121 540
122 540
128 540
129 540
130 540
179 540
213 540
214 540
260 540
263 540
319 540
320 540
327 540
328 540
352 540
353 540
388 540
389 540
391 540
392 540
426 540
427 540
428 540
473 540
474 540
29 541
30 541
58 541
119 541
121 541
131 541
137 541
178 541
179 541
181 541
182 541
185 541
213 541
214 541
261 541
263 541
326 541
329 541
387 541
388 541
390 541
392 541
393 541
531 541
120 542
129 542
130 542
131 542
137 542
178 542
179 542
183 542
185 542
262 542
292 542
293 542
327 542
328 542
394 542
424 542
531 542
104 543
105 543
130 543
131 543
180 543
181 543
183 543
185 543
190 543
209 543
210 543
275 543
276 543
277 543
292 543
293 543
391 543
392 543
394 543
424 543
455 543
482 543
483 543
531 543
2 544
3 544
9 544
10 544
104 544
105 544
129 544
181 544
183 544
187 544
188 544
209 544
210 544
279 544
280 544
281 544
343 544
344 544
350 544
351 544
352 544
382 544
391 544
392 544
393 544
424 544
454 544
456 544
482 544
483 544
2 545
3 545
9 545
10 545
61 545
62 545
168 545
169 545
183 545
343 545
345 545
381 545
382 545
383 545
385 545
386 545
387 545
454 545
456 545
494 545
495 545
527 545
528 545
529 545
533 545
534 545
535 545
61 546
62 546
168 546
169 546
181 546
185 546
295 546
301 546
344 546
380 546
381 546
383 546
384 546
386 546
387 546
455 546
494 546
495 546
186 547
294 547
296 547
300 547
302 547
381 547
386 547
387 547
503 547
556 547
557 547
182 548
186 548
294 548
296 548
300 548
302 548
382 548
386 548
391 548
392 548
393 548
445 548
446 548
447 548
451 548
452 548
453 548
502 548
504 548
555 548
558 548
69 549
123 549
124 549
138 549
183 549
184 549
185 549
215 549
216 549
228 549
295 549
301 549
387 549
391 549
392 549
394 549
502 549
504 549
556 549
557 549
54 550
55 550
68 550
69 550
76 550
119 550
137 550
139 550
215 550
216 550
228 550
384 550
385 550
386 550
394 550
449 550
503 550
562 550
54 551
55 551
67 551
68 551
69 551
76 551
77 551
83 551
84 551
85 551
97 551
118 551
122 551
125 551
137 551
139 551
228 551
297 551
298 551
299 551
389 551
390 551
392 551
393 551
449 551
561 551
563 551
67 552
68 552
69 552
75 552
78 552
82 552
85 552
96 552
98 552
119 552
121 552
122 552
124 552
125 552
138 552
316 552
360 552
361 552
362 552
389 552
391 552
392 552
449 552
474 552
475 552
476 552
561 552
563 552
0 553
17 553
18 553
67 553
68 553
69 553
77 553
78 553
79 553
81 553
82 553
83 553
84 553
86 553
87 553
96 553
98 553
123 553
174 553
230 553
231 553
232 553
276 553
280 553
315 553
317 553
345 553
355 553
356 553
389 553
403 553
404 553
474 553
477 553
562 553
598 553
599 553
16 554
18 554
67 554
69 554
79 554
81 554
85 554
97 554
128 554
129 554
130 554
174 554
257 554
258 554
275 554
277 554
279 554
281 554
299 554
315 554
317 554
344 554
346 554
349 554
350 554
355 554
356 554
385 554
386 554
388 554
389 554
403 554
404 554
430 554
431 554
432 554
478 554
479 554
538 554
539 554
2 555
12 555
13 555
17 555
54 555
66 555
68 555
80 555
81 555
86 555
87 555
174 555
194 555
256 555
259 555
275 555
277 555
279 555
281 555
298 555
300 555
316 555
345 555
348 555
351 555
385 555
386 555
388 555
389 555
475 555
476 555
537 555
540 555
596 555
2 556
12 556
13 556
53 556
55 556
66 556
68 556
126 556
132 556
194 556
256 556
258 556
276 556
280 556
289 556
298 556
300 556
349 556
350 556
387 556
428 556
434 556
475 556
476 556
538 556
540 556
587 556
588 556
596 556
2 557
53 557
54 557
67 557
126 557
132 557
194 557
257 557
289 557
299 557
428 557
434 557
477 557
478 557
479 557
488 557
539 557
558 557
587 557
588 557
596 557
29 558
126 558
132 558
251 558
252 558
289 558
428 558
434 558
487 558
489 558
495 558
496 558
513 558
557 558
559 558
0 559
28 559
30 559
70 559
71 559
122 559
123 559
214 559
215 559
251 559
252 559
474 559
487 559
489 559
494 559
497 559
512 559
514 559
557 559
558 559
598 559
599 559
28 560
30 560
69 560
72 560
109 560
110 560
121 560
124 560
128 560
129 560
130 560
214 560
215 560
341 560
342 560
390 560
391 560
430 560
431 560
432 560
473 560
475 560
488 560
495 560
496 560
513 560
29 561
45 561
46 561
70 561
71 561
77 561
78 561
108 561
111 561
122 561
123 561
341 561
342 561
390 561
391 561
472 561
473 561
475 561
476 561
45 562
46 562
77 562
78 562
109 562
110 562
154 562
223 562
224 562
314 562
315 562
462 562
463 562
472 562
473 562
475 562
476 562
517 562
541 562
594 562
595 562
24 563
25 563
33 563
34 563
154 563
188 563
189 563
223 563
224 563
314 563
315 563
390 563
391 563
461 563
464 563
473 563
475 563
517 563
523 563
524 563
540 563
542 563
593 563
596 563
12 564
13 564
23 564
26 564
32 564
35 564
102 564
154 564
188 564
189 564
337 564
338 564
390 564
391 564
461 564
463 564
517 564
523 564
524 564
540 564
542 564
594 564
595 564
11 565
14 565
24 565
25 565
33 565
34 565
73 565
74 565
102 565
172 565
173 565
239 565
240 565
257 565
258 565
284 565
285 565
337 565
338 565
381 565
407 565
408 565
449 565
450 565
462 565
474 565
475 565
541 565
11 566
14 566
73 566
74 566
102 566
150 566
151 566
152 566
156 566
157 566
158 566
172 566
173 566
231 566
232 566
239 566
240 566
256 566
259 566
284 566
285 566
380 566
382 566
393 566
394 566
407 566
408 566
449 566
450 566
470 566
471 566
474 566
475 566
521 566
12 567
13 567
29 567
146 567
147 567
195 567
231 567
232 567
257 567
258 567
380 567
382 567
393 567
394 567
470 567
471 567
473 567
474 567
480 567
481 567
520 567
521 567
522 567
545 567
546 567
28 568
30 568
146 568
147 568
154 568
195 568
288 568
289 568
381 568
469 568
473 568
474 568
480 568
481 568
519 568
521 568
524 568
544 568
547 568
28 569
30 569
129 569
130 569
154 569
184 569
195 569
288 569
289 569
336 569
337 569
352 569
353 569
385 569
386 569
469 569
471 569
472 569
473 569
475 569
484 569
485 569
486 569
522 569
523 569
524 569
545 569
546 569
578 569
579 569
29 570
129 570
131 570
154 570
165 570
166 570
171 570
172 570
173 570
183 570
185 570
335 570
337 570
352 570
353 570
366 570
367 570
385 570
386 570
457 570
458 570
469 570
470 570
471 570
473 570
474 570
475 570
476 570
477 570
521 570
524 570
528 570
529 570
578 570
579 570
54 571
55 571
112 571
113 571
114 571
130 571
131 571
165 571
166 571
184 571
336 571
366 571
367 571
457 571
458 571
469 571
470 571
471 571
473 571
474 571
479 571
517 571
518 571
520 571
521 571
523 571
529 571
541 571
542 571
54 572
55 572
251 572
468 572
472 572
517 572
518 572
521 572
524 572
526 572
527 572
528 572
540 572
543 572
550 572
110 573
250 573
252 573
275 573
276 573
356 573
357 573
467 573
473 573
476 573
479 573
507 573
508 573
509 573
521 573
522 573
523 573
524 573
526 573
541 573
542 573
548 573
549 573
551 573
48 574
57 574
58 574
110 574
251 574
252 574
275 574
276 574
324 574
325 574
341 574
342 574
355 574
358 574
439 574
440 574
459 574
460 574
467 574
471 574
473 574
474 574
525 574
547 574
548 574
549 574
551 574
48 575
57 575
58 575
110 575
171 575
172 575
173 575
210 575
211 575
212 575
324 575
325 575
341 575
342 575
355 575
357 575
390 575
391 575
439 575
440 575
459 575
460 575
467 575
469 575
475 575
476 575
477 575
547 575
549 575
550 575
565 575
566 575
14 576
15 576
25 576
48 576
189 576
198 576
225 576
226 576
227 576
238 576
285 576
295 576
348 576
356 576
389 576
392 576
476 576
520 576
521 576
547 576
548 576
565 576
566 576
14 577
15 577
24 577
26 577
38 577
39 577
169 577
188 577
190 577
197 577
199 577
208 577
214 577
238 577
276 577
277 577
284 577
286 577
294 577
296 577
347 577
349 577
390 577
391 577
468 577
469 577
520 577
521 577
546 577
552 577
553 577
25 578
26 578
38 578
39 578
169 578
188 578
191 578
197 578
199 578
208 578
214 578
238 578
276 578
277 578
284 578
286 578
294 578
296 578
347 578
349 578
410 578
411 578
459 578
460 578
466 578
469 578
546 578
551 578
552 578
169 579
189 579
190 579
198 579
208 579
214 579
285 579
295 579
348 579
395 579
396 579
410 579
411 579
459 579
460 579
468 579
547 579
548 579
549 579
551 579
552 579
57 580
58 580
66 580
67 580
331 580
394 580
396 580
466 580
468 580
491 580
547 580
548 580
552 580
2 581
3 581
57 581
58 581
66 581
67 581
210 581
211 581
212 581
260 581
261 581
290 581
291 581
299 581
300 581
331 581
395 581
466 581
467 581
490 581
492 581
548 581
549 581
552 581
2 582
3 582
259 582
262 582
289 582
292 582
298 582
301 582
331 582
549 582
552 582
112 583
152 583
153 583
154 583
259 583
261 583
273 583
274 583
290 583
291 583
299 583
300 583
402 583
403 583
517 583
559 583
560 583
569 583
570 583
571 583
31 584
32 584
34 584
35 584
111 584
113 584
230 584
231 584
260 584
273 584
274 584
395 584
396 584
402 584
403 584
457 584
458 584
488 584
496 584
498 584
516 584
518 584
526 584
527 584
533 584
534 584
559 584
560 584
31 585
32 585
34 585
35 585
110 585
113 585
117 585
118 585
150 585
202 585
203 585
230 585
231 585
265 585
266 585
295 585
395 585
396 585
456 585
459 585
485 585
486 585
487 585
488 585
490 585
517 585
518 585
526 585
527 585
533 585
534 585
111 586
112 586
116 586
118 586
150 586
202 586
203 586
210 586
211 586
265 586
266 586
294 586
296 586
342 586
343 586
344 586
361 586
456 586
458 586
478 586
479 586
484 586
488 586
492 586
493 586
494 586
584 586
585 586
103 587
104 587
117 587
150 587
210 587
212 587
250 587
251 587
294 587
296 587
335 587
336 587
361 587
457 587
478 587
479 587
484 587
488 587
492 587
494 587
498 587
583 587
586 587
103 588
104 588
167 588
168 588
211 588
213 588
250 588
251 588
295 588
335 588
336 588
361 588
485 588
486 588
489 588
492 588
584 588
585 588
126 589
127 589
166 589
169 589
178 589
179 589
185 589
186 589
212 589
258 589
265 589
266 589
276 589
277 589
278 589
308 589
309 589
329 589
490 589
491 589
493 589
494 589
525 589
526 589
527 589
549 589
596 589
597 589
14 590
15 590
16 590
95 590
96 590
125 590
128 590
166 590
168 590
178 590
179 590
185 590
186 590
257 590
259 590
265 590
266 590
308 590
309 590
328 590
330 590
357 590
358 590
359 590
363 590
364 590
365 590
397 590
492 590
493 590
524 590
549 590
596 590
597 590
28 591
94 591
97 591
126 591
127 591
167 591
258 591
259 591
274 591
280 591
328 591
330 591
397 591
461 591
493 591
495 591
523 591
528 591
549 591
579 591
12 592
28 592
46 592
47 592
94 592
96 592
154 592
155 592
156 592
274 592
280 592
329 592
361 592
397 592
417 592
418 592
461 592
469 592
470 592
495 592
497 592
522 592
526 592
528 592
578 592
580 592
12 593
28 593
46 593
47 593
95 593
191 593
234 593
245 593
246 593
274 593
280 593
361 593
417 593
418 593
461 593
469 593
470 593
497 593
498 593
499 593
522 593
524 593
578 593
580 593
12 594
152 594
158 594
191 594
234 594
245 594
246 594
361 594
497 594
500 594
523 594
579 594
89 595
90 595
152 595
158 595
191 595
234 595
276 595
277 595
278 595
338 595
339 595
347 595
348 595
457 595
458 595
459 595
463 595
464 595
465 595
497 595
500 595
588 595
589 595
88 596
91 596
102 596
103 596
104 596
152 596
158 596
338 596
339 596
347 596
348 596
385 596
386 596
487 596
488 596
498 596
500 596
525 596
526 596
527 596
588 596
589 596
89 597
90 597
353 597
354 597
383 597
384 597
386 597
387 597
399 597
487 597
488 597
524 597
527 597
528 597
549 597
154 598
155 598
156 598
289 598
290 598
321 598
322 598
323 598
353 598
354 598
383 598
387 598
398 598
400 598
461 598
488 598
490 598
524 598
527 598
528 598
531 598
549 598
44 599
45 599
289 599
290 599
383 599
384 599
385 599
398 599
400 599
425 599
426 599
452 599
453 599
461 599
489 599
525 599
526 599
530 599
531 599
532 599
549 599
